# Blender 4.5.3 LTS
# www.blender.org
mtllib pantalla.mtl
g frame_picture_Mesh
v 0.858675 -0.982385 0.000546
v 0.858976 -0.982385 0.001903
v 0.858675 -0.982686 0.001903
v 0.858675 -0.982686 0.057119
v 0.858976 -0.982385 0.057119
v 0.858675 -0.982385 0.058476
v 0.858675 0.979575 0.000546
v 0.858675 0.979876 0.001903
v 0.821963 -0.942835 0.047073
v 0.821257 -0.942835 0.043892
v 0.821963 -0.943540 0.043892
v 0.821963 -0.943540 0.003181
v 0.821257 -0.942835 0.003181
v 0.821963 -0.942835 -0.000000
v 0.821963 0.942946 0.043892
v 0.821257 0.942241 0.043892
v 0.821963 0.942241 0.047073
v 0.821963 0.942241 0.000000
v 0.821257 0.942241 0.003181
v 0.821963 0.942946 0.003181
v 0.859097 0.979291 0.055841
v 0.858392 0.979997 0.055841
v 0.858392 0.979291 0.059022
v 0.858392 0.979291 0.000000
v 0.858392 0.979997 0.003181
v 0.859097 0.979291 0.003181
v 0.858392 -0.982808 0.055841
v 0.859097 -0.982102 0.055841
v 0.858392 -0.982102 0.059022
v 0.858392 -0.982102 -0.000000
v 0.859097 -0.982102 0.003181
v 0.858392 -0.982808 0.003181
v 0.821618 -0.943450 0.043892
v 0.821347 -0.943180 0.043892
v 0.821347 -0.942835 0.045448
v 0.821618 -0.942835 0.046667
v 0.821963 -0.943180 0.046667
v 0.821963 -0.943450 0.045448
v 0.821618 -0.942835 0.000406
v 0.821347 -0.942835 0.001625
v 0.821347 -0.943180 0.003181
v 0.821618 -0.943450 0.003181
v 0.821963 -0.943450 0.001625
v 0.821963 -0.943180 0.000406
v 0.821618 0.942241 0.046667
v 0.821347 0.942241 0.045448
v 0.821347 0.942586 0.043892
v 0.821618 0.942856 0.043892
v 0.821963 0.942856 0.045448
v 0.821963 0.942586 0.046667
v 0.821618 0.942856 0.003181
v 0.821347 0.942586 0.003181
v 0.821347 0.942241 0.001625
v 0.821618 0.942241 0.000406
v 0.821963 0.942586 0.000406
v 0.821963 0.942856 0.001625
v 0.858392 0.979636 0.058616
v 0.858392 0.979907 0.057397
v 0.858737 0.979907 0.055841
v 0.859007 0.979636 0.055841
v 0.859007 0.979291 0.057397
v 0.858737 0.979291 0.058616
v 0.859007 0.979636 0.003181
v 0.858737 0.979907 0.003181
v 0.858392 0.979907 0.001625
v 0.858392 0.979636 0.000406
v 0.858737 0.979291 0.000406
v 0.859007 0.979291 0.001625
v 0.858737 -0.982102 0.058616
v 0.859007 -0.982102 0.057397
v 0.859007 -0.982447 0.055841
v 0.858737 -0.982718 0.055841
v 0.858392 -0.982718 0.057397
v 0.858392 -0.982447 0.058616
v 0.858737 -0.982718 0.003181
v 0.859007 -0.982447 0.003181
v 0.859007 -0.982102 0.001625
v 0.858737 -0.982102 0.000406
v 0.858392 -0.982447 0.000406
v 0.858392 -0.982718 0.001625
v 0.821679 -0.943419 0.045170
v 0.821378 -0.943118 0.045170
v 0.821679 -0.943118 0.046527
v 0.821679 -0.943118 0.000546
v 0.821378 -0.943118 0.001903
v 0.821679 -0.943419 0.001903
v 0.821679 0.942524 0.046527
v 0.821378 0.942524 0.045170
v 0.821679 0.942825 0.045170
v 0.821679 0.942825 0.001903
v 0.821378 0.942524 0.001903
v 0.821679 0.942524 0.000546
v 0.858675 0.979575 0.058476
v 0.858675 0.979876 0.057119
v 0.858976 0.979575 0.057119
v 0.858976 0.979575 0.001903
v 0.859097 0.979291 0.005246
v 0.859007 0.979636 0.005246
v 0.858737 0.979907 0.005246
v 0.858392 0.979997 0.005246
v 0.821963 0.942946 0.005246
v 0.821618 0.942856 0.005246
v 0.821347 0.942586 0.005246
v 0.821257 0.942241 0.005246
v 0.821257 -0.942835 0.005246
v 0.821347 -0.943180 0.005246
v 0.821618 -0.943450 0.005246
v 0.821963 -0.943540 0.005246
v 0.858392 -0.982808 0.005246
v 0.858737 -0.982718 0.005246
v 0.859007 -0.982447 0.005246
v 0.859097 -0.982102 0.005246
v 0.859097 0.979291 0.053503
v 0.859007 0.979636 0.053503
v 0.858737 0.979907 0.053503
v 0.858392 0.979997 0.053503
v 0.821963 0.942946 0.041553
v 0.821618 0.942856 0.041553
v 0.821347 0.942586 0.041553
v 0.821257 0.942241 0.041553
v 0.821257 -0.942835 0.041554
v 0.821347 -0.943180 0.041554
v 0.821618 -0.943450 0.041554
v 0.821963 -0.943540 0.041554
v 0.858392 -0.982808 0.053503
v 0.858737 -0.982718 0.053503
v 0.859007 -0.982447 0.053503
v 0.859097 -0.982102 0.053503
v 0.859097 -0.981564 0.053503
v 0.859097 -0.981564 0.055841
v 0.859007 -0.981564 0.057397
v 0.858737 -0.981564 0.058616
v 0.858392 -0.981564 0.059022
v 0.821963 -0.942297 0.047073
v 0.821618 -0.942297 0.046667
v 0.821347 -0.942297 0.045448
v 0.821257 -0.942297 0.043892
v 0.821257 -0.942297 0.041554
v 0.821257 -0.942297 0.005246
v 0.821257 -0.942297 0.003181
v 0.821347 -0.942297 0.001625
v 0.821618 -0.942297 0.000406
v 0.821963 -0.942297 -0.000000
v 0.858392 -0.981564 -0.000000
v 0.858737 -0.981564 0.000406
v 0.859007 -0.981564 0.001625
v 0.859097 -0.981564 0.003181
v 0.859097 -0.981564 0.005246
v 0.859097 0.978228 0.053503
v 0.859097 0.978228 0.055841
v 0.859007 0.978228 0.057397
v 0.858737 0.978228 0.058616
v 0.858392 0.978228 0.059022
v 0.821963 0.941177 0.047073
v 0.821618 0.941177 0.046667
v 0.821347 0.941177 0.045448
v 0.821257 0.941177 0.043892
v 0.821257 0.941177 0.041553
v 0.821257 0.941177 0.005246
v 0.821257 0.941177 0.003181
v 0.821347 0.941177 0.001625
v 0.821618 0.941177 0.000406
v 0.821963 0.941177 0.000000
v 0.858392 0.978228 0.000000
v 0.858737 0.978228 0.000406
v 0.859007 0.978228 0.001625
v 0.859097 0.978228 0.003181
v 0.859097 0.978228 0.005246
v 0.822338 0.942241 0.000000
v 0.822338 0.941177 0.000000
v 0.822338 -0.942297 -0.000000
v 0.822338 -0.942835 -0.000000
v 0.822338 -0.943180 0.000406
v 0.822338 -0.943450 0.001625
v 0.822338 -0.943540 0.003181
v 0.822338 -0.943540 0.005246
v 0.822338 -0.943540 0.041554
v 0.822338 -0.943540 0.043892
v 0.822338 -0.943450 0.045448
v 0.822338 -0.943180 0.046667
v 0.822338 -0.942835 0.047073
v 0.822338 -0.942297 0.047073
v 0.822338 0.941177 0.047073
v 0.822338 0.942241 0.047073
v 0.822338 0.942586 0.046667
v 0.822338 0.942856 0.045448
v 0.822338 0.942946 0.043892
v 0.822338 0.942946 0.041553
v 0.822338 0.942946 0.005246
v 0.822338 0.942946 0.003181
v 0.822338 0.942856 0.001625
v 0.822338 0.942586 0.000406
v 0.858101 0.979291 0.000000
v 0.858101 0.979636 0.000406
v 0.858101 0.979907 0.001625
v 0.858101 0.979997 0.003181
v 0.858101 0.979997 0.005246
v 0.858101 0.979997 0.053503
v 0.858101 0.979997 0.055841
v 0.858101 0.979907 0.057397
v 0.858101 0.979636 0.058616
v 0.858101 0.979291 0.059022
v 0.858101 0.978228 0.059022
v 0.858101 -0.981564 0.059022
v 0.858101 -0.982102 0.059022
v 0.858101 -0.982447 0.058616
v 0.858101 -0.982718 0.057397
v 0.858101 -0.982808 0.055841
v 0.858101 -0.982808 0.053503
v 0.858101 -0.982808 0.005246
v 0.858101 -0.982808 0.003181
v 0.858101 -0.982718 0.001625
v 0.858101 -0.982447 0.000406
v 0.858101 -0.982102 -0.000000
v 0.858101 -0.981564 -0.000000
v 0.858101 0.978228 0.000000
v 0.857934 0.980180 0.000486
v 0.857934 0.980481 0.001842
v 0.858235 0.980180 0.001842
v 0.858235 0.980180 0.057059
v 0.857934 0.980481 0.057059
v 0.857934 0.980180 0.058415
v -0.858435 0.980180 0.000486
v -0.858736 0.980180 0.001842
v 0.822486 0.941478 0.047012
v 0.822486 0.940772 0.043832
v 0.823191 0.941478 0.043832
v 0.823191 0.941478 0.003120
v 0.822486 0.940772 0.003120
v 0.822486 0.941478 -0.000061
v -0.823508 0.941478 0.043832
v -0.822802 0.940772 0.043832
v -0.822802 0.941478 0.047012
v -0.822802 0.941478 -0.000061
v -0.822802 0.940772 0.003120
v -0.823508 0.941478 0.003120
v -0.858151 0.980602 0.055781
v -0.858857 0.979896 0.055781
v -0.858151 0.979896 0.058961
v -0.858151 0.979896 -0.000061
v -0.858857 0.979896 0.003120
v -0.858151 0.980602 0.003120
v 0.858356 0.979896 0.055781
v 0.857650 0.980602 0.055781
v 0.857650 0.979896 0.058961
v 0.857650 0.979896 -0.000061
v 0.857650 0.980602 0.003120
v 0.858356 0.979896 0.003120
v 0.823101 0.941133 0.043832
v 0.822831 0.940863 0.043832
v 0.822486 0.940863 0.045387
v 0.822486 0.941133 0.046606
v 0.822831 0.941478 0.046606
v 0.823101 0.941478 0.045387
v 0.822486 0.941133 0.000346
v 0.822486 0.940863 0.001565
v 0.822831 0.940863 0.003120
v 0.823101 0.941133 0.003120
v 0.823101 0.941478 0.001565
v 0.822831 0.941478 0.000346
v -0.822802 0.941133 0.046606
v -0.822802 0.940863 0.045387
v -0.823147 0.940863 0.043832
v -0.823417 0.941133 0.043832
v -0.823417 0.941478 0.045387
v -0.823147 0.941478 0.046606
v -0.823417 0.941133 0.003120
v -0.823147 0.940863 0.003120
v -0.822802 0.940863 0.001565
v -0.822802 0.941133 0.000346
v -0.823147 0.941478 0.000346
v -0.823417 0.941478 0.001565
v -0.858496 0.979896 0.058555
v -0.858767 0.979896 0.057336
v -0.858767 0.980241 0.055781
v -0.858496 0.980512 0.055781
v -0.858151 0.980512 0.057336
v -0.858151 0.980241 0.058555
v -0.858496 0.980512 0.003120
v -0.858767 0.980241 0.003120
v -0.858767 0.979896 0.001565
v -0.858496 0.979896 0.000346
v -0.858151 0.980241 0.000346
v -0.858151 0.980512 0.001565
v 0.857650 0.980241 0.058555
v 0.857650 0.980512 0.057336
v 0.857995 0.980512 0.055781
v 0.858266 0.980241 0.055781
v 0.858266 0.979896 0.057336
v 0.857995 0.979896 0.058555
v 0.858266 0.980241 0.003120
v 0.857995 0.980512 0.003120
v 0.857650 0.980512 0.001565
v 0.857650 0.980241 0.000346
v 0.857995 0.979896 0.000346
v 0.858266 0.979896 0.001565
v 0.823070 0.941195 0.045109
v 0.822769 0.940894 0.045109
v 0.822769 0.941195 0.046466
v 0.822769 0.941195 0.000486
v 0.822769 0.940894 0.001842
v 0.823070 0.941195 0.001842
v -0.823085 0.941195 0.046466
v -0.823085 0.940894 0.045109
v -0.823386 0.941195 0.045109
v -0.823386 0.941195 0.001842
v -0.823085 0.940894 0.001842
v -0.823085 0.941195 0.000486
v -0.858435 0.980180 0.058415
v -0.858736 0.980180 0.057059
v -0.858435 0.980481 0.057059
v -0.858435 0.980481 0.001842
v -0.858151 0.980602 0.005185
v -0.858496 0.980512 0.005185
v -0.858767 0.980241 0.005185
v -0.858857 0.979896 0.005185
v -0.823508 0.941478 0.005185
v -0.823417 0.941133 0.005185
v -0.823147 0.940863 0.005185
v -0.822802 0.940772 0.005185
v 0.822486 0.940772 0.005185
v 0.822831 0.940863 0.005185
v 0.823101 0.941133 0.005185
v 0.823191 0.941478 0.005185
v 0.858356 0.979896 0.005185
v 0.858266 0.980241 0.005185
v 0.857995 0.980512 0.005185
v 0.857650 0.980602 0.005185
v -0.858151 0.980602 0.053442
v -0.858496 0.980512 0.053442
v -0.858767 0.980241 0.053442
v -0.858857 0.979896 0.053442
v -0.823508 0.941478 0.041493
v -0.823417 0.941133 0.041493
v -0.823147 0.940863 0.041493
v -0.822802 0.940772 0.041493
v 0.822486 0.940772 0.041493
v 0.822831 0.940863 0.041493
v 0.823101 0.941133 0.041493
v 0.823191 0.941478 0.041493
v 0.858356 0.979896 0.053442
v 0.858266 0.980241 0.053442
v 0.857995 0.980512 0.053442
v 0.857650 0.980602 0.053442
v 0.857113 0.980602 0.053442
v 0.857113 0.980602 0.055781
v 0.857113 0.980512 0.057336
v 0.857113 0.980241 0.058555
v 0.857113 0.979896 0.058961
v 0.821948 0.941478 0.047012
v 0.821948 0.941133 0.046606
v 0.821948 0.940863 0.045387
v 0.821948 0.940772 0.043832
v 0.821948 0.940772 0.041493
v 0.821948 0.940772 0.005185
v 0.821948 0.940772 0.003120
v 0.821948 0.940863 0.001565
v 0.821948 0.941133 0.000346
v 0.821948 0.941478 -0.000061
v 0.857113 0.979896 -0.000061
v 0.857113 0.980241 0.000346
v 0.857113 0.980512 0.001565
v 0.857113 0.980602 0.003120
v 0.857113 0.980602 0.005185
v -0.857088 0.980602 0.053442
v -0.857088 0.980602 0.055781
v -0.857088 0.980512 0.057336
v -0.857088 0.980241 0.058555
v -0.857088 0.979896 0.058961
v -0.821738 0.941478 0.047012
v -0.821738 0.941133 0.046606
v -0.821738 0.940863 0.045387
v -0.821738 0.940772 0.043832
v -0.821738 0.940772 0.041493
v -0.821738 0.940772 0.005185
v -0.821738 0.940772 0.003120
v -0.821738 0.940863 0.001565
v -0.821738 0.941133 0.000346
v -0.821738 0.941478 -0.000061
v -0.857088 0.979896 -0.000061
v -0.857088 0.980241 0.000346
v -0.857088 0.980512 0.001565
v -0.857088 0.980602 0.003120
v -0.857088 0.980602 0.005185
v -0.822802 0.941853 -0.000061
v -0.821738 0.941853 -0.000061
v 0.821948 0.941853 -0.000061
v 0.822486 0.941853 -0.000061
v 0.822831 0.941853 0.000346
v 0.823101 0.941853 0.001565
v 0.823191 0.941853 0.003120
v 0.823191 0.941853 0.005185
v 0.823191 0.941853 0.041493
v 0.823191 0.941853 0.043832
v 0.823101 0.941853 0.045387
v 0.822831 0.941853 0.046606
v 0.822486 0.941853 0.047012
v 0.821948 0.941853 0.047012
v -0.821738 0.941853 0.047012
v -0.822802 0.941853 0.047012
v -0.823147 0.941853 0.046606
v -0.823417 0.941853 0.045387
v -0.823508 0.941853 0.043832
v -0.823508 0.941853 0.041493
v -0.823508 0.941853 0.005185
v -0.823508 0.941853 0.003120
v -0.823417 0.941853 0.001565
v -0.823147 0.941853 0.000346
v -0.858151 0.979606 -0.000061
v -0.858496 0.979606 0.000346
v -0.858767 0.979606 0.001565
v -0.858857 0.979606 0.003120
v -0.858857 0.979606 0.005185
v -0.858857 0.979606 0.053442
v -0.858857 0.979606 0.055781
v -0.858767 0.979606 0.057336
v -0.858496 0.979606 0.058555
v -0.858151 0.979606 0.058961
v -0.857088 0.979606 0.058961
v 0.857113 0.979606 0.058961
v 0.857650 0.979606 0.058961
v 0.857995 0.979606 0.058555
v 0.858266 0.979606 0.057336
v 0.858356 0.979606 0.055781
v 0.858356 0.979606 0.053442
v 0.858356 0.979606 0.005185
v 0.858356 0.979606 0.003120
v 0.858266 0.979606 0.001565
v 0.857995 0.979606 0.000346
v 0.857650 0.979606 -0.000061
v 0.857113 0.979606 -0.000061
v -0.857088 0.979606 -0.000061
v -0.859140 0.980717 0.000546
v -0.859441 0.980717 0.001903
v -0.859140 0.981018 0.001903
v -0.859140 0.981018 0.057119
v -0.859441 0.980717 0.057119
v -0.859140 0.980717 0.058476
v -0.859140 -0.981243 0.000546
v -0.859140 -0.981544 0.001903
v -0.822428 0.941167 0.047073
v -0.821723 0.941167 0.043892
v -0.822428 0.941872 0.043892
v -0.822428 0.941872 0.003181
v -0.821723 0.941167 0.003181
v -0.822428 0.941167 0.000000
v -0.822428 -0.944615 0.043892
v -0.821723 -0.943909 0.043892
v -0.822428 -0.943909 0.047073
v -0.822428 -0.943909 -0.000000
v -0.821723 -0.943909 0.003181
v -0.822428 -0.944615 0.003181
v -0.859563 -0.980959 0.055841
v -0.858857 -0.981665 0.055841
v -0.858857 -0.980959 0.059022
v -0.858857 -0.980959 -0.000000
v -0.858857 -0.981665 0.003181
v -0.859563 -0.980959 0.003181
v -0.858857 0.981139 0.055841
v -0.859563 0.980434 0.055841
v -0.858857 0.980434 0.059022
v -0.858857 0.980434 0.000000
v -0.859563 0.980434 0.003181
v -0.858857 0.981139 0.003181
v -0.822083 0.941782 0.043892
v -0.821813 0.941512 0.043892
v -0.821813 0.941167 0.045448
v -0.822083 0.941167 0.046667
v -0.822428 0.941512 0.046667
v -0.822428 0.941782 0.045448
v -0.822083 0.941167 0.000406
v -0.821813 0.941167 0.001625
v -0.821813 0.941512 0.003181
v -0.822083 0.941782 0.003181
v -0.822428 0.941782 0.001625
v -0.822428 0.941512 0.000406
v -0.822083 -0.943909 0.046667
v -0.821813 -0.943909 0.045448
v -0.821813 -0.944254 0.043892
v -0.822083 -0.944525 0.043892
v -0.822428 -0.944525 0.045448
v -0.822428 -0.944254 0.046667
v -0.822083 -0.944525 0.003181
v -0.821813 -0.944254 0.003181
v -0.821813 -0.943909 0.001625
v -0.822083 -0.943909 0.000406
v -0.822428 -0.944254 0.000406
v -0.822428 -0.944525 0.001625
v -0.858857 -0.981305 0.058616
v -0.858857 -0.981575 0.057397
v -0.859202 -0.981575 0.055841
v -0.859472 -0.981305 0.055841
v -0.859472 -0.980959 0.057397
v -0.859202 -0.980959 0.058616
v -0.859472 -0.981305 0.003181
v -0.859202 -0.981575 0.003181
v -0.858857 -0.981575 0.001625
v -0.858857 -0.981305 0.000406
v -0.859202 -0.980959 0.000406
v -0.859472 -0.980959 0.001625
v -0.859202 0.980434 0.058616
v -0.859472 0.980434 0.057397
v -0.859472 0.980779 0.055841
v -0.859202 0.981049 0.055841
v -0.858857 0.981049 0.057397
v -0.858857 0.980779 0.058616
v -0.859202 0.981049 0.003181
v -0.859472 0.980779 0.003181
v -0.859472 0.980434 0.001625
v -0.859202 0.980434 0.000406
v -0.858857 0.980779 0.000406
v -0.858857 0.981049 0.001625
v -0.822145 0.941751 0.045170
v -0.821844 0.941450 0.045170
v -0.822145 0.941450 0.046527
v -0.822145 0.941450 0.000546
v -0.821844 0.941450 0.001903
v -0.822145 0.941751 0.001903
v -0.822145 -0.944193 0.046527
v -0.821844 -0.944193 0.045170
v -0.822145 -0.944494 0.045170
v -0.822145 -0.944494 0.001903
v -0.821844 -0.944193 0.001903
v -0.822145 -0.944193 0.000546
v -0.859140 -0.981243 0.058476
v -0.859140 -0.981544 0.057119
v -0.859441 -0.981243 0.057119
v -0.859441 -0.981243 0.001903
v -0.859563 -0.980959 0.005246
v -0.859472 -0.981305 0.005246
v -0.859202 -0.981575 0.005246
v -0.858857 -0.981665 0.005246
v -0.822428 -0.944615 0.005246
v -0.822083 -0.944525 0.005246
v -0.821813 -0.944254 0.005246
v -0.821723 -0.943909 0.005246
v -0.821723 0.941167 0.005246
v -0.821813 0.941512 0.005246
v -0.822083 0.941782 0.005246
v -0.822428 0.941872 0.005246
v -0.858857 0.981139 0.005246
v -0.859202 0.981049 0.005246
v -0.859472 0.980779 0.005246
v -0.859563 0.980434 0.005246
v -0.859563 -0.980959 0.053503
v -0.859472 -0.981305 0.053503
v -0.859202 -0.981575 0.053503
v -0.858857 -0.981665 0.053503
v -0.822428 -0.944615 0.041554
v -0.822083 -0.944525 0.041554
v -0.821813 -0.944254 0.041554
v -0.821723 -0.943909 0.041554
v -0.821723 0.941167 0.041553
v -0.821813 0.941512 0.041553
v -0.822083 0.941782 0.041553
v -0.822428 0.941872 0.041553
v -0.858857 0.981139 0.053503
v -0.859202 0.981049 0.053503
v -0.859472 0.980779 0.053503
v -0.859563 0.980434 0.053503
v -0.859563 0.979896 0.053503
v -0.859563 0.979896 0.055841
v -0.859472 0.979896 0.057397
v -0.859202 0.979896 0.058616
v -0.858857 0.979896 0.059022
v -0.822428 0.940629 0.047073
v -0.822083 0.940629 0.046667
v -0.821813 0.940629 0.045448
v -0.821723 0.940629 0.043892
v -0.821723 0.940629 0.041553
v -0.821723 0.940629 0.005246
v -0.821723 0.940629 0.003181
v -0.821813 0.940629 0.001625
v -0.822083 0.940629 0.000406
v -0.822428 0.940629 0.000000
v -0.858857 0.979896 0.000000
v -0.859202 0.979896 0.000406
v -0.859472 0.979896 0.001625
v -0.859563 0.979896 0.003181
v -0.859563 0.979896 0.005246
v -0.859563 -0.979896 0.053503
v -0.859563 -0.979896 0.055841
v -0.859472 -0.979896 0.057397
v -0.859202 -0.979896 0.058616
v -0.858857 -0.979896 0.059022
v -0.822428 -0.942846 0.047073
v -0.822083 -0.942846 0.046667
v -0.821813 -0.942846 0.045448
v -0.821723 -0.942846 0.043892
v -0.821723 -0.942846 0.041554
v -0.821723 -0.942846 0.005246
v -0.821723 -0.942846 0.003181
v -0.821813 -0.942846 0.001625
v -0.822083 -0.942846 0.000406
v -0.822428 -0.942846 -0.000000
v -0.858857 -0.979896 -0.000000
v -0.859202 -0.979896 0.000406
v -0.859472 -0.979896 0.001625
v -0.859563 -0.979896 0.003181
v -0.859563 -0.979896 0.005246
v -0.822803 -0.943909 -0.000000
v -0.822803 -0.942846 -0.000000
v -0.822803 0.940629 0.000000
v -0.822803 0.941167 0.000000
v -0.822803 0.941512 0.000406
v -0.822803 0.941782 0.001625
v -0.822803 0.941872 0.003181
v -0.822803 0.941872 0.005246
v -0.822803 0.941872 0.041553
v -0.822803 0.941872 0.043892
v -0.822803 0.941782 0.045448
v -0.822803 0.941512 0.046667
v -0.822803 0.941167 0.047073
v -0.822803 0.940629 0.047073
v -0.822803 -0.942846 0.047073
v -0.822803 -0.943909 0.047073
v -0.822803 -0.944254 0.046667
v -0.822803 -0.944525 0.045448
v -0.822803 -0.944615 0.043892
v -0.822803 -0.944615 0.041554
v -0.822803 -0.944615 0.005246
v -0.822803 -0.944615 0.003181
v -0.822803 -0.944525 0.001625
v -0.822803 -0.944254 0.000406
v -0.858567 -0.980959 -0.000000
v -0.858567 -0.981305 0.000406
v -0.858567 -0.981575 0.001625
v -0.858567 -0.981665 0.003181
v -0.858567 -0.981665 0.005246
v -0.858567 -0.981665 0.053503
v -0.858567 -0.981665 0.055841
v -0.858567 -0.981575 0.057397
v -0.858567 -0.981305 0.058616
v -0.858567 -0.980959 0.059022
v -0.858567 -0.979896 0.059022
v -0.858567 0.979896 0.059022
v -0.858567 0.980434 0.059022
v -0.858567 0.980779 0.058616
v -0.858567 0.981049 0.057397
v -0.858567 0.981139 0.055841
v -0.858567 0.981139 0.053503
v -0.858567 0.981139 0.005246
v -0.858567 0.981139 0.003181
v -0.858567 0.981049 0.001625
v -0.858567 0.980779 0.000406
v -0.858567 0.980434 0.000000
v -0.858567 0.979896 0.000000
v -0.858567 -0.979896 -0.000000
v -0.858789 -0.981933 0.000546
v -0.858789 -0.982234 0.001903
v -0.859090 -0.981933 0.001903
v -0.859090 -0.981933 0.057119
v -0.858789 -0.982234 0.057119
v -0.858789 -0.981933 0.058476
v 0.857580 -0.981933 0.000546
v 0.857881 -0.981933 0.001903
v -0.823341 -0.943231 0.047073
v -0.823341 -0.942526 0.043892
v -0.824046 -0.943231 0.043892
v -0.824046 -0.943231 0.003181
v -0.823341 -0.942526 0.003181
v -0.823341 -0.943231 -0.000000
v 0.824353 -0.943231 0.043892
v 0.823647 -0.942526 0.043892
v 0.823647 -0.943231 0.047073
v 0.823647 -0.943231 -0.000000
v 0.823647 -0.942526 0.003181
v 0.824353 -0.943231 0.003181
v 0.857296 -0.982355 0.055841
v 0.858002 -0.981649 0.055841
v 0.857296 -0.981649 0.059022
v 0.857296 -0.981649 -0.000000
v 0.858002 -0.981649 0.003181
v 0.857296 -0.982355 0.003181
v -0.859211 -0.981649 0.055841
v -0.858505 -0.982355 0.055841
v -0.858505 -0.981649 0.059022
v -0.858505 -0.981649 -0.000000
v -0.858505 -0.982355 0.003181
v -0.859211 -0.981649 0.003181
v -0.823956 -0.942886 0.043892
v -0.823686 -0.942616 0.043892
v -0.823341 -0.942616 0.045448
v -0.823341 -0.942886 0.046667
v -0.823686 -0.943231 0.046667
v -0.823956 -0.943231 0.045448
v -0.823341 -0.942886 0.000406
v -0.823341 -0.942616 0.001625
v -0.823686 -0.942616 0.003181
v -0.823956 -0.942886 0.003181
v -0.823956 -0.943231 0.001625
v -0.823686 -0.943231 0.000406
v 0.823647 -0.942886 0.046667
v 0.823647 -0.942616 0.045448
v 0.823992 -0.942616 0.043892
v 0.824263 -0.942886 0.043892
v 0.824263 -0.943231 0.045448
v 0.823992 -0.943231 0.046667
v 0.824263 -0.942886 0.003181
v 0.823992 -0.942616 0.003181
v 0.823647 -0.942616 0.001625
v 0.823647 -0.942886 0.000406
v 0.823992 -0.943231 0.000406
v 0.824263 -0.943231 0.001625
v 0.857641 -0.981649 0.058616
v 0.857912 -0.981649 0.057397
v 0.857912 -0.981994 0.055841
v 0.857641 -0.982265 0.055841
v 0.857296 -0.982265 0.057397
v 0.857296 -0.981994 0.058616
v 0.857641 -0.982265 0.003181
v 0.857912 -0.981994 0.003181
v 0.857912 -0.981649 0.001625
v 0.857641 -0.981649 0.000406
v 0.857296 -0.981994 0.000406
v 0.857296 -0.982265 0.001625
v -0.858505 -0.981994 0.058616
v -0.858505 -0.982265 0.057397
v -0.858850 -0.982265 0.055841
v -0.859121 -0.981994 0.055841
v -0.859121 -0.981649 0.057397
v -0.858850 -0.981649 0.058616
v -0.859121 -0.981994 0.003181
v -0.858850 -0.982265 0.003181
v -0.858505 -0.982265 0.001625
v -0.858505 -0.981994 0.000406
v -0.858850 -0.981649 0.000406
v -0.859121 -0.981649 0.001625
v -0.823925 -0.942948 0.045170
v -0.823624 -0.942647 0.045170
v -0.823624 -0.942948 0.046527
v -0.823624 -0.942948 0.000546
v -0.823624 -0.942647 0.001903
v -0.823925 -0.942948 0.001903
v 0.823931 -0.942948 0.046527
v 0.823931 -0.942647 0.045170
v 0.824232 -0.942948 0.045170
v 0.824232 -0.942948 0.001903
v 0.823931 -0.942647 0.001903
v 0.823931 -0.942948 0.000546
v 0.857580 -0.981933 0.058476
v 0.857881 -0.981933 0.057119
v 0.857580 -0.982234 0.057119
v 0.857580 -0.982234 0.001903
v 0.857296 -0.982355 0.005246
v 0.857641 -0.982265 0.005246
v 0.857912 -0.981994 0.005246
v 0.858002 -0.981649 0.005246
v 0.824353 -0.943231 0.005246
v 0.824263 -0.942886 0.005246
v 0.823992 -0.942616 0.005246
v 0.823647 -0.942526 0.005246
v -0.823341 -0.942526 0.005246
v -0.823686 -0.942616 0.005246
v -0.823956 -0.942886 0.005246
v -0.824046 -0.943231 0.005246
v -0.859211 -0.981649 0.005246
v -0.859121 -0.981994 0.005246
v -0.858850 -0.982265 0.005246
v -0.858505 -0.982355 0.005246
v 0.857296 -0.982355 0.053503
v 0.857641 -0.982265 0.053503
v 0.857912 -0.981994 0.053503
v 0.858002 -0.981649 0.053503
v 0.824353 -0.943231 0.041554
v 0.824263 -0.942886 0.041554
v 0.823992 -0.942616 0.041554
v 0.823647 -0.942526 0.041554
v -0.823341 -0.942526 0.041554
v -0.823686 -0.942616 0.041554
v -0.823956 -0.942886 0.041554
v -0.824046 -0.943231 0.041554
v -0.859211 -0.981649 0.053503
v -0.859121 -0.981994 0.053503
v -0.858850 -0.982265 0.053503
v -0.858505 -0.982355 0.053503
v -0.857968 -0.982355 0.053503
v -0.857968 -0.982355 0.055841
v -0.857968 -0.982265 0.057397
v -0.857968 -0.981994 0.058616
v -0.857968 -0.981649 0.059022
v -0.822803 -0.943231 0.047073
v -0.822803 -0.942886 0.046667
v -0.822803 -0.942616 0.045448
v -0.822803 -0.942526 0.043892
v -0.822803 -0.942526 0.041554
v -0.822803 -0.942526 0.005246
v -0.822803 -0.942526 0.003181
v -0.822803 -0.942616 0.001625
v -0.822803 -0.942886 0.000406
v -0.822803 -0.943231 -0.000000
v -0.857968 -0.981649 -0.000000
v -0.857968 -0.981994 0.000406
v -0.857968 -0.982265 0.001625
v -0.857968 -0.982355 0.003181
v -0.857968 -0.982355 0.005246
v 0.856233 -0.982355 0.053503
v 0.856233 -0.982355 0.055841
v 0.856233 -0.982265 0.057397
v 0.856233 -0.981994 0.058616
v 0.856233 -0.981649 0.059022
v 0.822584 -0.943231 0.047073
v 0.822584 -0.942886 0.046667
v 0.822584 -0.942616 0.045448
v 0.822584 -0.942526 0.043892
v 0.822584 -0.942526 0.041554
v 0.822584 -0.942526 0.005246
v 0.822584 -0.942526 0.003181
v 0.822584 -0.942616 0.001625
v 0.822584 -0.942886 0.000406
v 0.822584 -0.943231 -0.000000
v 0.856233 -0.981649 -0.000000
v 0.856233 -0.981994 0.000406
v 0.856233 -0.982265 0.001625
v 0.856233 -0.982355 0.003181
v 0.856233 -0.982355 0.005246
v 0.823647 -0.943606 -0.000000
v 0.822584 -0.943606 -0.000000
v -0.822803 -0.943606 -0.000000
v -0.823341 -0.943606 -0.000000
v -0.823686 -0.943606 0.000406
v -0.823956 -0.943606 0.001625
v -0.824046 -0.943606 0.003181
v -0.824046 -0.943606 0.005246
v -0.824046 -0.943606 0.041554
v -0.824046 -0.943606 0.043892
v -0.823956 -0.943606 0.045448
v -0.823686 -0.943606 0.046667
v -0.823341 -0.943606 0.047073
v -0.822803 -0.943606 0.047073
v 0.822584 -0.943606 0.047073
v 0.823647 -0.943606 0.047073
v 0.823992 -0.943606 0.046667
v 0.824263 -0.943606 0.045448
v 0.824353 -0.943606 0.043892
v 0.824353 -0.943606 0.041554
v 0.824353 -0.943606 0.005246
v 0.824353 -0.943606 0.003181
v 0.824263 -0.943606 0.001625
v 0.823992 -0.943606 0.000406
v 0.857296 -0.981359 -0.000000
v 0.857641 -0.981359 0.000406
v 0.857912 -0.981359 0.001625
v 0.858002 -0.981359 0.003181
v 0.858002 -0.981359 0.005246
v 0.858002 -0.981359 0.053503
v 0.858002 -0.981359 0.055841
v 0.857912 -0.981359 0.057397
v 0.857641 -0.981359 0.058616
v 0.857296 -0.981359 0.059022
v 0.856233 -0.981359 0.059022
v -0.857968 -0.981359 0.059022
v -0.858505 -0.981359 0.059022
v -0.858850 -0.981359 0.058616
v -0.859121 -0.981359 0.057397
v -0.859211 -0.981359 0.055841
v -0.859211 -0.981359 0.053503
v -0.859211 -0.981359 0.005246
v -0.859211 -0.981359 0.003181
v -0.859121 -0.981359 0.001625
v -0.858850 -0.981359 0.000406
v -0.858505 -0.981359 -0.000000
v -0.857968 -0.981359 -0.000000
v 0.856233 -0.981359 -0.000000
v 0.857679 0.980337 -0.010473
v -0.858856 0.979677 -0.018906
v 0.856153 -0.984196 -0.013789
v -0.858374 -0.981517 -0.013735
vn -1.0000 -0.0000 -0.0000
vn -0.9920 -0.1238 0.0243
vn -0.9996 -0.0000 0.0289
vn -0.3908 0.9205 -0.0000
vn -0.1241 0.9920 0.0243
vn -0.3930 0.9192 0.0265
vn 1.0000 -0.0000 -0.0000
vn 0.9920 0.1239 0.0242
vn 0.9996 -0.0000 0.0289
vn -0.4041 -0.9147 -0.0000
vn 0.1236 -0.9920 0.0244
vn -0.4061 -0.9135 0.0264
vn -0.0000 -0.0000 -1.0000
vn -0.3967 -0.3970 -0.8276
vn -0.4198 -0.0000 -0.9076
vn -0.1605 -0.0000 0.9870
vn 0.3966 -0.3968 0.8278
vn 0.4198 -0.0000 0.9076
vn -0.6986 -0.6985 0.1550
vn -0.6984 -0.6987 -0.1550
vn -0.6986 0.6985 0.1550
vn -0.6984 0.6987 -0.1550
vn 0.6986 0.6985 0.1550
vn 0.6984 0.6987 -0.1550
vn 0.6986 -0.6985 0.1550
vn 0.6984 -0.6987 -0.1550
vn -0.2529 -0.9675 -0.0000
vn -0.1238 -0.9920 0.0242
vn -0.2524 -0.9675 0.0175
vn -0.7620 -0.0000 -0.6475
vn -0.6913 -0.2925 -0.6607
vn -0.2527 0.9675 -0.0000
vn -0.1238 0.9920 -0.0242
vn -0.2527 0.9674 -0.0176
vn -0.7620 -0.0000 0.6475
vn -0.3964 0.3967 0.8280
vn -0.6914 0.2925 0.6607
vn -0.3283 0.7199 -0.6115
vn -0.3968 0.3965 -0.8279
vn -0.2926 0.6914 -0.6606
vn 0.9676 0.2525 -0.0000
vn 0.9920 0.1238 -0.0242
vn 0.9674 0.2527 -0.0176
vn -0.3835 0.7039 0.5979
vn 0.3967 0.3965 0.8279
vn 0.2926 0.6913 0.6607
vn 0.7620 -0.0000 -0.6475
vn 0.3964 0.3967 -0.8279
vn 0.6914 0.2926 -0.6606
vn 0.2524 -0.9676 -0.0000
vn 0.1234 -0.9921 -0.0244
vn 0.2518 -0.9676 -0.0179
vn 0.7620 -0.0000 0.6475
vn 0.6914 -0.2926 0.6606
vn -0.3406 -0.7167 -0.6086
vn 0.3966 -0.3964 -0.8280
vn 0.2925 -0.6915 -0.6605
vn -0.3950 -0.7002 0.5947
vn -0.3967 -0.3965 0.8279
vn -0.2926 -0.6914 0.6606
vn -0.7067 -0.7056 0.0514
vn -0.7066 -0.7071 0.0256
vn -0.7064 -0.7073 0.0255
vn -0.9646 -0.1545 0.2139
vn -0.9304 -0.3028 0.2067
vn -0.9647 -0.1532 0.2141
vn -0.3045 -0.9300 0.2060
vn -0.1538 -0.9647 0.2138
vn -0.1538 -0.9647 0.2139
vn -0.1735 -0.9833 0.0545
vn -0.9832 -0.1741 0.0545
vn -0.9944 -0.0892 0.0560
vn -0.6914 -0.2925 0.6607
vn -0.4708 -0.4709 0.7461
vn -0.9301 -0.3039 -0.2065
vn -0.9645 -0.1543 -0.2142
vn -0.9647 -0.1534 -0.2141
vn -0.7066 -0.7071 -0.0256
vn -0.7066 -0.7057 -0.0514
vn -0.7065 -0.7072 -0.0256
vn -0.1538 -0.9646 -0.2141
vn -0.3045 -0.9300 -0.2060
vn -0.1538 -0.9647 -0.2139
vn -0.2927 -0.6914 -0.6605
vn -0.4707 -0.4706 -0.7463
vn -0.9920 -0.1238 -0.0243
vn -0.9833 -0.1739 -0.0545
vn -0.9675 -0.2524 -0.0176
vn -0.1238 -0.9920 -0.0242
vn -0.1736 -0.9833 -0.0548
vn -0.0891 -0.9945 -0.0560
vn -0.9303 0.3031 0.2066
vn -0.9645 0.1545 0.2141
vn -0.9647 0.1532 0.2142
vn -0.7065 0.7073 0.0256
vn -0.7066 0.7058 0.0513
vn -0.7064 0.7074 0.0255
vn -0.1538 0.9646 0.2141
vn -0.3040 0.9301 0.2062
vn -0.1538 0.9647 0.2139
vn -0.2927 0.6914 0.6605
vn -0.4708 0.4708 0.7461
vn -0.9920 0.1238 0.0243
vn -0.9832 0.1741 0.0545
vn -0.9675 0.2521 0.0179
vn -0.1740 0.9832 0.0546
vn -0.0892 0.9944 0.0560
vn -0.7064 0.7060 -0.0513
vn -0.7066 0.7072 -0.0256
vn -0.7065 0.7073 -0.0255
vn -0.9646 0.1543 -0.2139
vn -0.9301 0.3037 -0.2066
vn -0.9647 0.1535 -0.2142
vn -0.3044 0.9300 -0.2061
vn -0.1537 0.9647 -0.2140
vn -0.1537 0.9647 -0.2139
vn -0.1739 0.9832 -0.0546
vn -0.9920 0.1239 -0.0243
vn -0.9832 0.1742 -0.0546
vn -0.9944 0.0893 -0.0559
vn -0.6914 0.2924 -0.6607
vn -0.4709 0.4709 -0.7460
vn 0.3031 0.9303 0.2066
vn 0.1544 0.9645 0.2142
vn 0.1532 0.9647 0.2141
vn 0.7070 0.7067 0.0256
vn 0.7059 0.7064 0.0514
vn 0.7071 0.7066 0.0255
vn 0.9646 0.1538 0.2140
vn 0.9299 0.3046 0.2064
vn 0.9647 0.1539 0.2139
vn 0.6915 0.2924 0.6606
vn 0.4706 0.4706 0.7463
vn 0.1238 0.9920 0.0243
vn 0.1742 0.9832 0.0547
vn 0.2522 0.9675 0.0179
vn 0.9833 0.1735 0.0545
vn 0.9944 0.0891 0.0560
vn 0.7059 0.7065 -0.0513
vn 0.7071 0.7066 -0.0257
vn 0.7073 0.7065 -0.0256
vn 0.1545 0.9646 -0.2139
vn 0.3032 0.9303 -0.2062
vn 0.1531 0.9647 -0.2140
vn 0.9299 0.3046 -0.2062
vn 0.9647 0.1539 -0.2138
vn 0.9646 0.1540 -0.2139
vn 0.9832 0.1739 -0.0546
vn 0.1238 0.9920 -0.0243
vn 0.1740 0.9832 -0.0545
vn 0.0892 0.9944 -0.0559
vn 0.2927 0.6912 -0.6607
vn 0.4706 0.4706 -0.7464
vn 0.9299 -0.3046 0.2062
vn 0.9647 -0.1540 0.2138
vn 0.9646 -0.1540 0.2140
vn 0.7072 -0.7065 0.0258
vn 0.7060 -0.7064 0.0511
vn 0.7073 -0.7064 0.0258
vn 0.1545 -0.9645 0.2140
vn 0.3033 -0.9302 0.2065
vn 0.1532 -0.9647 0.2141
vn 0.2927 -0.6914 0.6605
vn 0.4717 -0.4715 0.7451
vn 0.9920 -0.1239 0.0243
vn 0.9832 -0.1739 0.0545
vn 0.9675 -0.2524 0.0178
vn 0.1754 -0.9830 0.0542
vn 0.0897 -0.9944 0.0558
vn 0.7061 -0.7063 -0.0511
vn 0.7071 -0.7067 -0.0258
vn 0.7072 -0.7065 -0.0258
vn 0.9646 -0.1539 -0.2140
vn 0.9299 -0.3048 -0.2060
vn 0.3031 -0.9303 -0.2065
vn 0.1545 -0.9645 -0.2142
vn 0.1530 -0.9648 -0.2140
vn 0.1754 -0.9830 -0.0543
vn 0.9920 -0.1238 -0.0243
vn 0.9833 -0.1737 -0.0546
vn 0.9944 -0.0892 -0.0559
vn 0.6914 -0.2927 -0.6605
vn 0.4715 -0.4716 -0.7452
vn -0.7071 -0.7071 -0.0000
vn -0.9919 -0.1272 -0.0000
vn -0.9676 -0.2527 -0.0000
vn -0.9763 -0.0000 -0.2166
vn -0.9996 -0.0000 -0.0289
vn -0.9983 -0.0000 -0.0578
vn -0.7071 0.7071 -0.0000
vn -0.9919 0.1273 -0.0000
vn -0.9676 0.2525 -0.0000
vn -0.9762 -0.0000 0.2167
vn -0.9983 -0.0000 0.0578
vn -0.3848 0.9011 -0.2000
vn -0.3850 0.9010 -0.2000
vn -0.3887 0.9210 -0.0238
vn -0.3903 0.9191 -0.0533
vn 0.7071 0.7071 -0.0000
vn 0.1272 0.9919 -0.0000
vn 0.2524 0.9676 -0.0000
vn -0.4014 0.8942 0.1983
vn -0.4014 0.8942 0.1982
vn -0.3951 0.9171 0.0532
vn 0.9763 -0.0000 -0.2166
vn 0.9996 -0.0000 -0.0289
vn 0.9983 -0.0000 -0.0577
vn 0.7072 -0.7071 -0.0000
vn 0.7071 -0.7071 -0.0000
vn 0.9919 -0.1273 -0.0000
vn 0.9675 -0.2528 -0.0000
vn 0.9763 -0.0000 0.2166
vn 0.9983 -0.0000 0.0577
vn -0.3985 -0.8954 -0.1986
vn -0.3986 -0.8954 -0.1986
vn -0.4063 -0.9134 -0.0237
vn -0.4037 -0.9134 -0.0529
vn -0.4135 -0.8888 0.1974
vn -0.4135 -0.8889 0.1973
vn -0.4077 -0.9116 0.0528
vn 0.9919 0.1273 -0.0000
vn 0.2524 0.9675 -0.0179
vn 0.1273 0.9919 -0.0000
vn 0.2528 0.9675 -0.0000
vn -0.3929 0.9191 -0.0294
vn -0.1272 0.9919 -0.0003
vn -0.2529 0.9675 -0.0000
vn -0.7069 0.7073 -0.0000
vn -0.9675 0.2523 -0.0179
vn -0.9919 0.1272 -0.0000
vn -0.9676 0.2524 -0.0000
vn -0.9676 -0.2525 -0.0000
vn -0.2524 -0.9675 -0.0178
vn -0.1272 -0.9919 -0.0000
vn -0.2527 -0.9675 -0.0000
vn -0.4015 -0.9154 -0.0293
vn 0.1272 -0.9919 -0.0000
vn 0.2525 -0.9676 -0.0000
vn 0.7072 -0.7070 -0.0000
vn 0.9675 -0.2524 -0.0176
vn 0.9919 -0.1272 -0.0000
vn 0.9676 -0.2524 -0.0000
vn 0.9673 0.2529 0.0177
vn -0.1273 0.9919 -0.0000
vn -0.2525 0.9674 0.0179
vn -0.9919 -0.1273 -0.0000
vn -0.9676 -0.2519 0.0180
vn -0.1273 -0.9919 -0.0000
vn 0.1273 -0.9919 -0.0000
vn 0.2516 -0.9677 0.0179
vn 0.9944 -0.0892 0.0559
vn 0.9762 -0.0000 0.2167
vn -0.4198 -0.0000 0.9076
vn -0.7621 -0.0000 0.6475
vn -0.9763 -0.0000 0.2166
vn -0.9944 -0.0892 -0.0559
vn -0.9762 -0.0000 -0.2167
vn 0.4198 -0.0000 -0.9076
vn 0.7621 -0.0000 -0.6475
vn -0.3401 0.3188 0.8847
vn -0.9944 0.0893 0.0559
vn -0.3251 0.3807 -0.8656
vn 0.9944 0.0893 -0.0560
vn -0.1971 0.2546 -0.9467
vn -0.2023 -0.2453 -0.9481
vn -0.3418 -0.7163 -0.6083
vn -0.3984 -0.8954 -0.1990
vn -0.4037 -0.9134 -0.0528
vn -0.4061 -0.9134 0.0264
vn -0.0891 -0.9944 0.0560
vn -0.4082 -0.9114 0.0528
vn -0.4138 -0.8888 0.1970
vn -0.4137 -0.8888 0.1971
vn -0.3826 -0.4765 0.7916
vn -0.2232 -0.3469 0.9110
vn -0.3845 0.7036 0.5976
vn -0.4012 0.8942 0.1985
vn -0.3928 0.9192 0.0266
vn -0.0892 0.9944 -0.0560
vn -0.3904 0.9191 -0.0533
vn -0.3852 0.9010 -0.1997
vn -0.3853 0.9010 -0.1995
vn -0.3280 0.7200 -0.6116
vn 0.0892 0.9944 0.0559
vn -0.3947 0.9173 0.0532
vn -0.4011 0.8943 0.1985
vn -0.2435 0.4756 0.8453
vn -0.3946 -0.7005 0.5947
vn 0.0897 -0.9944 -0.0558
vn -0.3981 -0.8955 -0.1989
vn -0.1677 -0.5486 -0.8191
vn -0.0000 -1.0000 -0.0000
vn 0.1242 -0.9920 0.0243
vn -0.0000 -0.9996 0.0292
vn -0.9300 -0.3674 -0.0000
vn -0.9920 -0.1241 0.0243
vn -0.9288 -0.3697 0.0269
vn -0.0000 1.0000 -0.0000
vn -0.1238 0.9920 0.0242
vn -0.0000 0.9996 0.0289
vn 0.9305 -0.3662 -0.0000
vn 0.9920 0.1238 0.0242
vn 0.9293 -0.3684 0.0269
vn 0.3970 -0.3966 -0.8277
vn -0.0000 -0.4201 -0.9075
vn -0.0000 -0.1527 0.9883
vn 0.3971 0.3968 0.8276
vn -0.0000 0.4198 0.9076
vn 0.6986 -0.6985 0.1549
vn 0.6986 -0.6986 -0.1550
vn -0.6986 -0.6985 0.1549
vn -0.6983 -0.6988 0.1550
vn -0.6986 -0.6986 -0.1550
vn -0.6986 0.6986 0.1550
vn -0.6986 0.6986 -0.1550
vn 0.6986 0.6986 0.1550
vn 0.6986 0.6986 -0.1550
vn 0.9920 -0.1237 0.0243
vn 0.9675 -0.2522 0.0176
vn -0.0000 -0.7623 -0.6473
vn 0.2926 -0.6914 -0.6606
vn -0.9675 -0.2528 -0.0000
vn -0.9920 -0.1241 -0.0243
vn -0.9674 -0.2526 -0.0176
vn -0.0000 -0.7620 0.6476
vn -0.3966 -0.3963 0.8280
vn -0.2926 -0.6915 0.6605
vn -0.7258 -0.3053 -0.6164
vn -0.3964 -0.3966 -0.8280
vn -0.6914 -0.2927 -0.6605
vn -0.2524 0.9676 -0.0000
vn -0.2522 0.9675 -0.0179
vn -0.7103 -0.3626 0.6033
vn -0.3966 0.3968 0.8278
vn -0.6914 0.2925 0.6606
vn -0.0000 0.7623 -0.6473
vn -0.2925 0.6913 -0.6607
vn 0.9675 0.2529 -0.0000
vn 0.9675 0.2524 -0.0175
vn -0.0000 0.7621 0.6475
vn 0.2926 0.6914 0.6606
vn 0.7263 -0.3033 -0.6168
vn 0.3966 0.3968 -0.8278
vn 0.6913 0.2925 -0.6607
vn 0.7104 -0.3624 0.6033
vn 0.3964 -0.3966 0.8280
vn 0.6915 -0.2927 0.6604
vn 0.7062 -0.7062 0.0514
vn 0.7067 -0.7070 0.0256
vn 0.7069 -0.7069 0.0253
vn 0.1538 -0.9646 0.2140
vn 0.3044 -0.9299 0.2063
vn 0.1538 -0.9647 0.2139
vn 0.9300 -0.3040 0.2064
vn 0.9647 -0.1538 0.2138
vn 0.9646 -0.1538 0.2140
vn 0.9832 -0.1739 0.0547
vn 0.1733 -0.9833 0.0547
vn 0.0889 -0.9945 0.0560
vn 0.2926 -0.6915 0.6605
vn 0.4718 -0.4717 0.7450
vn 0.3047 -0.9299 -0.2061
vn 0.1536 -0.9647 -0.2140
vn 0.1539 -0.9647 -0.2139
vn 0.7067 -0.7070 -0.0257
vn 0.7062 -0.7061 -0.0514
vn 0.7068 -0.7069 -0.0254
vn 0.9299 -0.3047 -0.2062
vn 0.9646 -0.1541 -0.2140
vn 0.6913 -0.2927 -0.6606
vn 0.4712 -0.4710 -0.7458
vn 0.1241 -0.9920 -0.0245
vn 0.1734 -0.9833 -0.0548
vn 0.2533 -0.9672 -0.0176
vn 0.9945 -0.0890 -0.0560
vn -0.3043 -0.9300 0.2063
vn -0.1540 -0.9646 0.2139
vn -0.7067 -0.7070 0.0257
vn -0.7059 -0.7065 0.0511
vn -0.7070 -0.7068 0.0253
vn -0.9646 -0.1538 0.2140
vn -0.9299 -0.3044 0.2063
vn -0.9646 -0.1539 0.2140
vn -0.6914 -0.2927 0.6605
vn -0.4716 -0.4717 0.7450
vn -0.1242 -0.9920 0.0245
vn -0.1735 -0.9833 0.0547
vn -0.2529 -0.9673 0.0178
vn -0.9833 -0.1735 0.0548
vn -0.9945 -0.0889 0.0560
vn -0.7062 -0.7061 -0.0514
vn -0.7067 -0.7071 -0.0256
vn -0.1537 -0.9646 -0.2141
vn -0.3045 -0.9299 -0.2062
vn -0.1540 -0.9646 -0.2139
vn -0.9298 -0.3047 -0.2063
vn -0.9647 -0.1537 -0.2139
vn -0.9646 -0.1539 -0.2140
vn -0.9833 -0.1734 -0.0548
vn -0.1251 -0.9919 -0.0236
vn -0.1735 -0.9833 -0.0548
vn -0.0890 -0.9945 -0.0560
vn -0.2924 -0.6915 -0.6606
vn -0.4713 -0.4712 -0.7456
vn -0.9301 0.3037 0.2065
vn -0.9645 0.1543 0.2142
vn -0.9647 0.1533 0.2141
vn -0.7063 0.7061 0.0509
vn -0.7070 0.7068 0.0256
vn -0.7070 0.7068 0.0255
vn -0.1543 0.9646 0.2139
vn -0.3034 0.9302 0.2065
vn -0.1535 0.9647 0.2141
vn -0.2923 0.6914 0.6607
vn -0.4702 0.4697 0.7472
vn -0.9920 0.1239 0.0242
vn -0.9833 0.1736 0.0547
vn -0.9673 0.2529 0.0176
vn -0.1740 0.9832 0.0547
vn -0.7069 0.7069 -0.0255
vn -0.7063 0.7061 -0.0512
vn -0.9646 0.1542 -0.2139
vn -0.9302 0.3033 -0.2066
vn -0.9647 0.1531 -0.2141
vn -0.3035 0.9302 -0.2065
vn -0.1543 0.9645 -0.2142
vn -0.1535 0.9647 -0.2141
vn -0.1738 0.9833 -0.0546
vn -0.9920 0.1238 -0.0246
vn -0.9832 0.1739 -0.0547
vn -0.9945 0.0890 -0.0560
vn -0.6912 0.2927 -0.6607
vn -0.4695 0.4695 -0.7478
vn 0.3033 0.9303 0.2064
vn 0.1542 0.9645 0.2143
vn 0.1533 0.9647 0.2141
vn 0.7063 0.7061 0.0512
vn 0.7069 0.7069 0.0255
vn 0.9646 0.1544 0.2138
vn 0.9303 0.3032 0.2065
vn 0.9647 0.1533 0.2141
vn 0.6913 0.2927 0.6606
vn 0.4700 0.4700 0.7472
vn 0.1238 0.9920 0.0242
vn 0.1737 0.9833 0.0546
vn 0.2524 0.9675 0.0175
vn 0.9833 0.1735 0.0548
vn 0.9945 0.0890 0.0560
vn 0.7071 0.7066 -0.0258
vn 0.7063 0.7061 -0.0509
vn 0.7070 0.7067 -0.0256
vn 0.1543 0.9646 -0.2139
vn 0.3033 0.9303 -0.2064
vn 0.1532 0.9647 -0.2140
vn 0.9301 0.3039 -0.2065
vn 0.9645 0.1544 -0.2142
vn 0.9647 0.1533 -0.2141
vn 0.9833 0.1736 -0.0546
vn 0.1238 0.9920 -0.0242
vn 0.1739 0.9832 -0.0547
vn 0.0891 0.9944 -0.0560
vn 0.2925 0.6913 -0.6608
vn 0.4694 0.4694 -0.7479
vn 0.1276 -0.9918 -0.0002
vn 0.2529 -0.9675 -0.0000
vn -0.0000 -0.9763 -0.2166
vn -0.0000 -0.9996 -0.0292
vn -0.0000 -0.9983 -0.0585
vn -0.7072 -0.7070 -0.0000
vn -0.1276 -0.9918 0.0002
vn -0.2528 -0.9675 -0.0000
vn -0.0000 -0.9762 0.2167
vn -0.0000 -0.9983 0.0581
vn -0.9102 -0.3615 -0.2021
vn -0.9101 -0.3617 -0.2021
vn -0.9305 -0.3655 -0.0244
vn -0.9287 -0.3670 -0.0536
vn -0.7072 0.7070 -0.0000
vn -0.9035 -0.3789 0.2003
vn -0.9035 -0.3788 0.2003
vn -0.9267 -0.3720 0.0538
vn -0.0000 0.9763 -0.2165
vn -0.0000 0.9996 -0.0289
vn -0.0000 0.9983 -0.0578
vn 0.7071 0.7072 -0.0000
vn -0.0000 0.9763 0.2165
vn -0.0000 0.9983 0.0578
vn 0.9106 -0.3606 -0.2018
vn 0.9106 -0.3607 -0.2019
vn 0.9295 -0.3681 -0.0246
vn 0.9291 -0.3658 -0.0538
vn 0.9039 -0.3776 0.2008
vn 0.9040 -0.3775 0.2007
vn 0.9273 -0.3704 0.0538
vn -0.2525 0.9676 -0.0000
vn -0.1272 0.9919 -0.0000
vn -0.9674 0.2525 -0.0175
vn -0.9675 0.2527 -0.0000
vn -0.9290 -0.3690 -0.0296
vn -0.9917 -0.1287 0.0011
vn -0.7071 -0.7072 -0.0000
vn -0.2527 -0.9674 -0.0179
vn -0.1275 -0.9918 -0.0000
vn 0.7070 -0.7072 -0.0000
vn 0.9674 -0.2525 -0.0176
vn 0.9676 -0.2525 -0.0000
vn 0.9309 -0.3640 -0.0291
vn 0.9919 0.1272 -0.0003
vn 0.2523 0.9675 -0.0178
vn 0.2525 0.9676 -0.0000
vn -0.2524 0.9675 0.0175
vn -0.9917 -0.1286 -0.0012
vn -0.9674 -0.2527 0.0177
vn 0.1286 -0.9917 -0.0011
vn 0.2526 -0.9674 0.0180
vn 0.7071 -0.7072 -0.0000
vn 0.9919 0.1272 -0.0000
vn 0.9674 0.2525 0.0178
vn 0.0890 0.9945 0.0560
vn -0.0000 0.9763 0.2166
vn -0.0000 0.7620 0.6476
vn -0.0000 -0.4199 0.9076
vn -0.0000 -0.7623 0.6472
vn -0.0000 -0.9763 0.2166
vn 0.0889 -0.9945 -0.0561
vn -0.0000 -0.9983 -0.0581
vn -0.0000 -0.9762 -0.2166
vn -0.0000 -0.7623 -0.6472
vn -0.0000 0.4201 -0.9075
vn -0.0000 0.7622 -0.6473
vn -0.0000 0.9763 -0.2166
vn -0.3280 -0.3241 0.8873
vn -0.0000 -0.4197 0.9076
vn -0.0890 -0.9945 0.0560
vn 0.0003 -0.4204 -0.9073
vn -0.3912 -0.3011 -0.8697
vn 0.0005 0.4204 -0.9074
vn -0.0891 0.9944 -0.0560
vn -0.2698 -0.1888 -0.9442
vn 0.2702 -0.1891 -0.9441
vn 0.7261 -0.3041 -0.6167
vn 0.9106 -0.3604 -0.2024
vn 0.9292 -0.3658 -0.0538
vn 0.9293 -0.3684 0.0268
vn 0.9944 -0.0894 0.0560
vn 0.9272 -0.3708 0.0537
vn 0.9039 -0.3778 0.2004
vn 0.9040 -0.3777 0.2004
vn 0.4817 -0.3429 0.8065
vn 0.3519 -0.2110 0.9120
vn -0.7100 -0.3635 0.6031
vn -0.9035 -0.3787 0.2006
vn -0.9288 -0.3696 0.0268
vn -0.9300 -0.3675 -0.0000
vn -0.9945 -0.0889 -0.0560
vn -0.9286 -0.3671 -0.0539
vn -0.9102 -0.3618 -0.2018
vn -0.9101 -0.3619 -0.2017
vn -0.7259 -0.3049 -0.6165
vn -0.9945 0.0889 0.0560
vn -0.9269 -0.3715 0.0536
vn -0.9035 -0.3786 0.2007
vn -0.4724 -0.2289 0.8512
vn 0.7105 -0.3621 0.6034
vn 0.9944 0.0892 -0.0560
vn 0.9107 -0.3602 -0.2022
vn 0.5347 -0.1397 -0.8334
vn 0.9920 0.1238 0.0243
vn 0.3908 -0.9205 -0.0000
vn 0.1238 -0.9920 0.0243
vn 0.3930 -0.9192 0.0266
vn -0.9920 -0.1240 0.0243
vn 0.4041 0.9147 -0.0000
vn -0.1238 0.9920 0.0243
vn 0.4060 0.9135 0.0263
vn 0.3967 0.3969 -0.8277
vn 0.1605 -0.0000 0.9870
vn -0.3966 0.3969 0.8277
vn 0.6984 -0.6987 -0.1549
vn -0.6984 -0.6987 -0.1549
vn -0.6986 0.6985 0.1549
vn -0.6984 0.6987 -0.1549
vn 0.2527 -0.9675 -0.0000
vn 0.1238 -0.9920 -0.0243
vn 0.2524 -0.9675 -0.0177
vn 0.6914 -0.2927 0.6605
vn 0.3285 -0.7202 -0.6111
vn 0.3968 -0.3965 -0.8278
vn 0.2925 -0.6914 -0.6606
vn -0.9920 -0.1239 -0.0243
vn -0.9674 -0.2525 -0.0177
vn 0.3835 -0.7037 0.5982
vn -0.3967 -0.3964 0.8280
vn -0.7622 -0.0000 -0.6473
vn -0.3963 -0.3965 -0.8281
vn -0.6915 -0.2927 -0.6604
vn -0.2528 0.9675 -0.0000
vn -0.1238 0.9920 -0.0243
vn -0.7620 -0.0000 0.6476
vn -0.6914 0.2926 0.6605
vn 0.3406 0.7166 -0.6086
vn -0.3966 0.3964 -0.8280
vn -0.2926 0.6914 -0.6605
vn 0.3950 0.7002 0.5947
vn 0.3967 0.3964 0.8280
vn 0.2926 0.6915 0.6605
vn 0.7069 0.7069 0.0258
vn 0.7062 0.7061 0.0514
vn 0.7068 0.7069 0.0258
vn 0.9646 0.1540 0.2140
vn 0.9301 0.3039 0.2063
vn 0.9647 0.1537 0.2140
vn 0.3043 0.9300 0.2062
vn 0.1539 0.9647 0.2139
vn 0.1537 0.9647 0.2139
vn 0.1741 0.9832 0.0546
vn 0.9832 0.1739 0.0546
vn 0.9944 0.0894 0.0559
vn 0.6914 0.2926 0.6605
vn 0.4716 0.4716 0.7451
vn 0.9647 0.1537 -0.2138
vn 0.9646 0.1540 -0.2140
vn 0.7069 0.7069 -0.0255
vn 0.7060 0.7063 -0.0511
vn 0.7069 0.7068 -0.0258
vn 0.1538 0.9646 -0.2140
vn 0.3043 0.9300 -0.2062
vn 0.1539 0.9646 -0.2140
vn 0.2927 0.6914 -0.6605
vn 0.4716 0.4714 -0.7453
vn 0.9920 0.1239 -0.0243
vn 0.9833 0.1739 -0.0546
vn 0.9675 0.2524 -0.0178
vn 0.1741 0.9832 -0.0546
vn 0.0893 0.9944 -0.0560
vn 0.9300 -0.3045 0.2061
vn 0.9646 -0.1539 0.2139
vn 0.7056 -0.7068 0.0514
vn 0.7069 -0.7068 0.0256
vn 0.7071 -0.7067 0.0255
vn 0.1545 -0.9646 0.2139
vn 0.3030 -0.9303 0.2067
vn 0.1532 -0.9647 0.2140
vn 0.2926 -0.6913 0.6606
vn 0.4706 -0.4706 0.7464
vn 0.9920 -0.1237 0.0242
vn 0.9832 -0.1741 0.0548
vn 0.9674 -0.2526 0.0177
vn 0.1738 -0.9833 0.0546
vn 0.0893 -0.9944 0.0559
vn 0.7070 -0.7068 -0.0256
vn 0.7058 -0.7065 -0.0514
vn 0.7071 -0.7067 -0.0255
vn 0.9646 -0.1537 -0.2141
vn 0.9299 -0.3046 -0.2062
vn 0.3032 -0.9303 -0.2063
vn 0.1544 -0.9645 -0.2142
vn 0.1531 -0.9647 -0.2141
vn 0.1741 -0.9832 -0.0545
vn 0.9920 -0.1239 -0.0242
vn 0.9833 -0.1734 -0.0545
vn 0.9945 -0.0891 -0.0560
vn 0.6915 -0.2925 -0.6605
vn 0.4706 -0.4706 -0.7464
vn -0.3045 -0.9300 0.2061
vn -0.7062 -0.7061 0.0514
vn -0.7070 -0.7068 0.0258
vn -0.9646 -0.1541 0.2140
vn -0.9301 -0.3041 0.2061
vn -0.6916 -0.2925 0.6605
vn -0.4715 -0.4715 0.7452
vn -0.1238 -0.9920 0.0243
vn -0.1737 -0.9833 0.0547
vn -0.2520 -0.9676 0.0179
vn -0.9834 -0.1730 0.0550
vn -0.7064 -0.7060 -0.0514
vn -0.7067 -0.7070 -0.0257
vn -0.1539 -0.9646 -0.2141
vn -0.3043 -0.9300 -0.2062
vn -0.9300 -0.3041 -0.2063
vn -0.9647 -0.1540 -0.2138
vn -0.9833 -0.1736 -0.0548
vn -0.1237 -0.9920 -0.0243
vn -0.1740 -0.9832 -0.0546
vn -0.0892 -0.9944 -0.0560
vn -0.2928 -0.6913 -0.6606
vn -0.4716 -0.4714 -0.7452
vn -0.9302 0.3036 0.2062
vn -0.9647 0.1539 0.2138
vn -0.9647 0.1537 0.2139
vn -0.7067 0.7070 0.0257
vn -0.7060 0.7063 0.0512
vn -0.1538 0.9646 0.2140
vn -0.3042 0.9300 0.2062
vn -0.2928 0.6914 0.6605
vn -0.4716 0.4714 0.7452
vn -0.9920 0.1239 0.0245
vn -0.9833 0.1733 0.0548
vn -0.9674 0.2526 0.0177
vn -0.1740 0.9832 0.0545
vn -0.7060 0.7064 -0.0512
vn -0.7067 0.7070 -0.0258
vn -0.7066 0.7071 -0.0257
vn -0.9646 0.1540 -0.2141
vn -0.9301 0.3041 -0.2063
vn -0.9647 0.1536 -0.2139
vn -0.3043 0.9300 -0.2062
vn -0.1538 0.9647 -0.2139
vn -0.1740 0.9832 -0.0545
vn -0.9919 0.1250 -0.0234
vn -0.9833 0.1735 -0.0548
vn -0.6915 0.2926 -0.6605
vn -0.4716 0.4715 -0.7451
vn 0.7068 0.7074 -0.0000
vn 0.9762 -0.0000 -0.2167
vn 0.3848 -0.9011 -0.1997
vn 0.3851 -0.9010 -0.1997
vn 0.3887 -0.9211 -0.0238
vn 0.3903 -0.9191 -0.0532
vn -0.7069 -0.7073 -0.0000
vn -0.2527 -0.9676 -0.0000
vn 0.4014 -0.8941 0.1986
vn 0.4014 -0.8941 0.1985
vn 0.3952 -0.9171 0.0532
vn -0.9763 -0.0000 -0.2165
vn -0.9996 0.0003 -0.0291
vn -0.9983 -0.0000 -0.0577
vn -0.9918 0.1275 0.0002
vn -0.9675 0.2528 -0.0000
vn -0.9763 -0.0000 0.2162
vn 0.3985 0.8954 -0.1986
vn 0.3986 0.8954 -0.1986
vn 0.4063 0.9135 -0.0236
vn 0.4037 0.9134 -0.0529
vn 0.4136 0.8889 0.1971
vn 0.4135 0.8889 0.1971
vn 0.4077 0.9116 0.0528
vn -0.9676 -0.2524 -0.0000
vn -0.9917 -0.1283 -0.0009
vn -0.2523 -0.9675 -0.0176
vn 0.3928 -0.9192 -0.0293
vn 0.7069 -0.7073 -0.0000
vn 0.9674 -0.2525 -0.0178
vn 0.7072 0.7070 -0.0000
vn 0.2524 0.9675 -0.0176
vn 0.4014 0.9154 -0.0293
vn -0.9674 0.2528 -0.0175
vn -0.9674 -0.2528 0.0175
vn -0.9917 -0.1282 0.0007
vn 0.1273 -0.9919 0.0003
vn 0.2521 -0.9675 0.0181
vn 0.9675 0.2524 0.0176
vn -0.2522 0.9675 0.0181
vn -0.9763 -0.0000 0.2165
vn -0.7623 -0.0000 0.6472
vn 0.7621 -0.0000 0.6475
vn 0.9944 0.0891 -0.0560
vn 0.9763 -0.0000 -0.2162
vn 0.9763 -0.0000 -0.2163
vn -0.7620 -0.0000 -0.6476
vn 0.3402 -0.3188 0.8847
vn 0.9944 -0.0893 0.0560
vn 0.3245 -0.3803 -0.8661
vn -0.9945 -0.0890 -0.0560
vn 0.1972 -0.2546 -0.9467
vn 0.2023 0.2453 -0.9481
vn 0.3418 0.7163 -0.6084
vn 0.3984 0.8955 -0.1984
vn 0.4037 0.9133 -0.0531
vn 0.4061 0.9134 0.0264
vn 0.0893 0.9944 0.0560
vn 0.4082 0.9114 0.0528
vn 0.4138 0.8888 0.1973
vn 0.4137 0.8888 0.1972
vn 0.3826 0.4766 0.7915
vn 0.2232 0.3468 0.9110
vn 0.3847 -0.7038 0.5973
vn 0.4012 -0.8943 0.1982
vn 0.3929 -0.9192 0.0265
vn 0.0893 -0.9944 -0.0559
vn 0.3904 -0.9191 -0.0533
vn 0.3852 -0.9009 -0.1999
vn 0.3853 -0.9008 -0.2002
vn 0.3278 -0.7198 -0.6118
vn -0.0892 -0.9944 0.0560
vn 0.3947 -0.9173 0.0531
vn 0.4011 -0.8943 0.1982
vn 0.2438 -0.4748 0.8457
vn 0.3946 0.7003 0.5949
vn -0.0893 0.9944 -0.0560
vn 0.3982 0.8955 -0.1987
vn 0.1676 0.5486 -0.8191
vn 0.9345 0.3560 -0.0000
vn 0.9332 0.3583 0.0269
vn 0.1245 -0.9919 0.0246
vn -0.0000 -0.9996 0.0289
vn -0.9305 0.3662 -0.0000
vn -0.9920 -0.1238 0.0242
vn -0.9293 0.3684 0.0269
vn -0.3970 0.3966 -0.8277
vn -0.0000 0.4198 -0.9076
vn -0.0000 0.1527 0.9883
vn -0.3971 -0.3968 0.8276
vn -0.6984 0.6987 0.1549
vn -0.6986 0.6985 -0.1549
vn 0.6984 0.6987 0.1549
vn 0.6986 0.6985 -0.1549
vn -0.9675 0.2524 0.0176
vn -0.0000 0.7621 -0.6474
vn 0.9920 0.1238 -0.0243
vn 0.9676 0.2520 -0.0179
vn -0.0000 0.7620 0.6475
vn 0.2927 0.6914 0.6605
vn 0.7285 0.2943 -0.6186
vn 0.3965 0.3967 -0.8279
vn 0.6914 0.2925 -0.6607
vn 0.1238 -0.9920 -0.0242
vn 0.2527 -0.9674 -0.0176
vn 0.7128 0.3539 0.6055
vn 0.6913 -0.2925 0.6607
vn -0.0000 -0.7620 -0.6476
vn 0.3967 -0.3965 -0.8279
vn -0.9675 -0.2527 -0.0000
vn -0.9920 -0.1239 -0.0242
vn -0.9675 -0.2523 -0.0179
vn -0.2925 -0.6914 0.6606
vn -0.7263 0.3033 -0.6169
vn -0.3966 -0.3968 -0.8278
vn -0.6912 -0.2926 -0.6607
vn -0.7104 0.3623 0.6034
vn -0.3965 0.3966 0.8280
vn -0.6915 0.2925 0.6605
vn -0.7068 0.7069 0.0258
vn -0.7062 0.7061 0.0514
vn -0.1539 0.9646 0.2141
vn -0.3042 0.9300 0.2061
vn -0.9298 0.3048 0.2061
vn -0.9647 0.1539 0.2139
vn -0.9833 0.1738 0.0547
vn -0.2926 0.6914 0.6606
vn -0.4716 0.4716 0.7451
vn -0.1539 0.9647 -0.2139
vn -0.7062 0.7061 -0.0514
vn -0.7069 0.7068 -0.0258
vn -0.7068 0.7069 -0.0255
vn -0.9647 0.1537 -0.2140
vn -0.9301 0.3040 -0.2062
vn -0.6914 0.2926 -0.6605
vn -0.4716 0.4716 -0.7451
vn -0.1741 0.9832 -0.0546
vn -0.2521 0.9675 -0.0178
vn -0.9832 0.1743 -0.0546
vn -0.9944 0.0892 -0.0560
vn 0.3045 0.9299 0.2061
vn 0.1540 0.9646 0.2139
vn 0.7065 0.7073 0.0256
vn 0.7064 0.7074 0.0256
vn 0.9646 0.1543 0.2138
vn 0.9302 0.3034 0.2068
vn 0.6914 0.2925 0.6607
vn 0.4708 0.4708 0.7461
vn 0.1738 0.9833 0.0548
vn 0.9832 0.1742 0.0545
vn 0.9944 0.0892 0.0560
vn 0.7065 0.7073 -0.0256
vn 0.7062 0.7061 -0.0513
vn 0.7064 0.7074 -0.0255
vn 0.1539 0.9646 -0.2141
vn 0.3043 0.9301 -0.2059
vn 0.1539 0.9647 -0.2138
vn 0.9303 0.3030 -0.2066
vn 0.9645 0.1546 -0.2141
vn 0.9648 0.1528 -0.2142
vn 0.9832 0.1739 -0.0545
vn 0.1739 0.9833 -0.0546
vn 0.0892 0.9944 -0.0560
vn 0.2925 0.6914 -0.6606
vn 0.4711 0.4705 -0.7462
vn 0.9302 -0.3035 0.2065
vn 0.9645 -0.1543 0.2142
vn 0.9647 -0.1531 0.2141
vn 0.7062 -0.7062 0.0508
vn 0.7068 -0.7069 0.0255
vn 0.7068 -0.7070 0.0255
vn 0.1544 -0.9646 0.2139
vn 0.3032 -0.9303 0.2065
vn 0.1533 -0.9647 0.2141
vn 0.2923 -0.6914 0.6607
vn 0.4700 -0.4701 0.7470
vn 0.9920 -0.1236 0.0242
vn 0.9834 -0.1733 0.0545
vn 0.9674 -0.2525 0.0177
vn 0.1741 -0.9832 0.0546
vn 0.0893 -0.9944 0.0560
vn 0.7061 -0.7063 -0.0508
vn 0.7070 -0.7067 -0.0256
vn 0.9646 -0.1544 -0.2139
vn 0.9304 -0.3028 -0.2066
vn 0.9647 -0.1531 -0.2141
vn 0.1534 -0.9647 -0.2141
vn 0.1740 -0.9832 -0.0546
vn 0.9920 -0.1238 -0.0242
vn 0.9832 -0.1739 -0.0546
vn 0.9944 -0.0891 -0.0560
vn 0.4700 -0.4699 -0.7472
vn -0.3031 -0.9303 0.2066
vn -0.1543 -0.9645 0.2142
vn -0.1532 -0.9647 0.2141
vn -0.7062 -0.7062 0.0508
vn -0.7068 -0.7069 0.0256
vn -0.7068 -0.7070 0.0256
vn -0.9646 -0.1544 0.2139
vn -0.9302 -0.3033 0.2066
vn -0.9647 -0.1530 0.2141
vn -0.6913 -0.2927 0.6607
vn -0.4699 -0.4701 0.7471
vn -0.1237 -0.9920 0.0242
vn -0.1741 -0.9832 0.0548
vn -0.2523 -0.9675 0.0175
vn -0.9833 -0.1738 0.0546
vn -0.9944 -0.0891 0.0560
vn -0.7061 -0.7063 -0.0508
vn -0.7069 -0.7069 -0.0255
vn -0.7069 -0.7068 -0.0255
vn -0.1544 -0.9646 -0.2139
vn -0.3030 -0.9303 -0.2066
vn -0.1531 -0.9647 -0.2141
vn -0.9304 -0.3028 -0.2067
vn -0.9645 -0.1545 -0.2142
vn -0.9648 -0.1530 -0.2141
vn -0.9833 -0.1735 -0.0546
vn -0.1740 -0.9832 -0.0547
vn -0.2924 -0.6914 -0.6607
vn -0.4700 -0.4700 -0.7472
vn -0.7071 0.7072 -0.0000
vn -0.0000 0.9983 -0.0577
vn 0.7070 0.7072 -0.0000
vn -0.0000 0.9762 0.2167
vn -0.0000 0.9983 0.0577
vn 0.9145 0.3500 -0.2029
vn 0.9145 0.3502 -0.2028
vn 0.9348 0.3542 -0.0247
vn 0.9331 0.3555 -0.0540
vn 0.9076 0.3683 0.2014
vn 0.9077 0.3682 0.2014
vn 0.9311 0.3607 0.0538
vn -0.0000 -0.9763 -0.2165
vn -0.0000 -0.9996 -0.0289
vn -0.0000 -0.9983 -0.0577
vn -0.0000 -0.9763 0.2165
vn -0.0000 -0.9763 0.2164
vn -0.0000 -0.9983 0.0577
vn -0.9106 0.3606 -0.2019
vn -0.9106 0.3607 -0.2018
vn -0.9295 0.3680 -0.0246
vn -0.9291 0.3658 -0.0538
vn -0.9039 0.3776 0.2008
vn -0.9040 0.3775 0.2006
vn -0.9274 0.3703 0.0537
vn 0.9674 -0.2528 -0.0176
vn 0.9675 -0.2527 -0.0000
vn 0.9334 0.3576 -0.0293
vn 0.9676 0.2526 -0.0000
vn 0.7070 0.7073 -0.0000
vn 0.2523 0.9675 -0.0180
vn 0.1276 0.9918 -0.0000
vn -0.9309 0.3640 -0.0292
vn -0.7070 -0.7072 -0.0000
vn -0.2525 -0.9674 -0.0175
vn -0.2524 -0.9676 -0.0000
vn 0.2525 -0.9674 0.0179
vn 0.9676 0.2519 0.0180
vn -0.2520 0.9676 0.0180
vn -0.9675 -0.2524 0.0175
vn -0.0893 -0.9944 0.0560
vn -0.0000 -0.7621 0.6475
vn -0.0000 0.9762 -0.2167
vn -0.0000 0.7620 -0.6475
vn -0.0000 -0.4198 -0.9076
vn -0.0000 -0.7621 -0.6475
vn -0.0000 -0.4198 0.9076
vn 0.3332 0.3190 0.8873
vn 0.0892 0.9944 0.0560
vn 0.3954 0.2886 -0.8720
vn 0.0893 -0.9944 -0.0560
vn 0.2761 0.1850 -0.9432
vn -0.2695 0.1893 -0.9442
vn -0.7260 0.3041 -0.6168
vn -0.9106 0.3604 -0.2022
vn -0.9292 0.3657 -0.0538
vn -0.9944 0.0892 0.0560
vn -0.9272 0.3708 0.0537
vn -0.9039 0.3778 0.2004
vn -0.9040 0.3777 0.2004
vn -0.4817 0.3429 0.8065
vn -0.3519 0.2110 0.9120
vn 0.7127 0.3547 0.6052
vn 0.9077 0.3681 0.2014
vn 0.9332 0.3583 0.0270
vn 0.9331 0.3556 -0.0541
vn 0.9144 0.3503 -0.2029
vn 0.9144 0.3504 -0.2029
vn 0.7286 0.2940 -0.6187
vn 0.9945 -0.0891 0.0560
vn 0.9312 0.3604 0.0539
vn 0.9078 0.3680 0.2013
vn 0.4691 0.2242 0.8542
vn -0.7105 0.3621 0.6034
vn -0.9107 0.3602 -0.2022
vn -0.5340 0.1401 -0.8338
vn -0.0000 -0.0017 1.0000
vn -0.7070 -0.7053 0.0515
vn -0.9299 -0.3045 0.2062
vn -0.3035 -0.9302 0.2064
vn -0.9298 -0.3048 -0.2061
vn -0.7069 -0.7055 -0.0515
vn -0.3035 -0.9302 -0.2064
vn -0.9299 0.3049 0.2059
vn -0.7068 0.7055 0.0514
vn -0.3032 0.9303 0.2065
vn -0.7066 0.7057 -0.0514
vn -0.9299 0.3045 -0.2062
vn -0.3036 0.9302 -0.2065
vn 0.3044 0.9299 0.2063
vn 0.7057 0.7067 0.0515
vn 0.9301 0.3038 0.2066
vn 0.7056 0.7067 -0.0514
vn 0.3048 0.9299 -0.2060
vn 0.9301 0.3038 -0.2064
vn 0.9301 -0.3038 0.2064
vn 0.7058 -0.7066 0.0510
vn 0.3047 -0.9298 0.2063
vn 0.7059 -0.7064 -0.0510
vn 0.9301 -0.3039 -0.2062
vn 0.3047 -0.9299 -0.2063
vn 0.9303 -0.3032 0.2065
vn 0.3033 -0.9302 -0.2066
vn 0.9302 -0.3034 -0.2065
vn -0.3033 -0.9303 0.2065
vn -0.7058 -0.7065 0.0511
vn -0.9303 -0.3033 0.2065
vn -0.3031 -0.9303 -0.2067
vn -0.9303 -0.3032 -0.2066
vn -0.9299 0.3047 0.2061
vn -0.7062 0.7061 0.0509
vn -0.3044 0.9300 0.2062
vn -0.7063 0.7060 -0.0512
vn -0.9300 0.3042 -0.2062
vn -0.3045 0.9300 -0.2061
vn 0.3044 0.9299 0.2062
vn 0.7063 0.7060 0.0512
vn 0.9300 0.3043 0.2060
vn 0.7062 0.7061 -0.0509
vn 0.3044 0.9300 -0.2062
vn 0.9298 0.3050 -0.2060
vn 0.9302 0.3036 0.2065
vn 0.3035 0.9302 0.2064
vn 0.9303 0.3031 -0.2064
vn 0.9301 -0.3038 0.2063
vn 0.7053 -0.7070 0.0515
vn 0.3045 -0.9299 0.2064
vn 0.7056 -0.7068 -0.0515
vn 0.9303 -0.3032 -0.2066
vn 0.3047 -0.9299 -0.2060
vn -0.3036 -0.9302 0.2064
vn -0.9301 -0.3040 0.2062
vn -0.7064 -0.7059 -0.0515
vn -0.3036 -0.9302 -0.2065
vn -0.9302 -0.3036 -0.2065
vn -0.9302 0.3034 0.2066
vn -0.7059 0.7064 -0.0512
vn -0.9302 0.3035 -0.2066
vn -0.3034 0.9302 -0.2065
vn -0.3034 0.9302 0.2066
vn -0.9301 0.3037 0.2064
vn -0.3035 0.9301 -0.2066
vn -0.9303 0.3033 -0.2064
vn 0.3036 0.9302 0.2064
vn 0.7064 0.7059 0.0515
vn 0.9299 0.3045 0.2062
vn 0.7064 0.7059 -0.0514
vn 0.3035 0.9302 -0.2064
vn 0.9298 0.3050 -0.2061
vn 0.9299 -0.3048 0.2059
vn 0.7062 -0.7061 0.0509
vn 0.3045 -0.9300 0.2060
vn 0.7060 -0.7064 -0.0509
vn 0.9299 -0.3047 -0.2059
vn 0.3046 -0.9299 -0.2061
vn -0.3045 -0.9299 0.2061
vn -0.7062 -0.7061 0.0508
vn -0.9299 -0.3049 0.2060
vn -0.7060 -0.7064 -0.0508
vn -0.3046 -0.9299 -0.2062
vn -0.9299 -0.3047 -0.2060
vn -0.0049 0.0026 1.0000
vt 0.942237 0.396346
vt 0.942488 0.397441
vt 0.942237 0.397441
vt 0.058884 0.396249
vt 0.059055 0.397340
vt 0.058881 0.397346
vt 0.042719 0.419535
vt 0.042221 0.418439
vt 0.042719 0.418440
vt 0.968150 0.401780
vt 0.968277 0.402880
vt 0.968141 0.402871
vt 0.942230 0.461657
vt 0.942482 0.461833
vt 0.942230 0.461833
vt 0.960626 0.416844
vt 0.960878 0.416980
vt 0.960626 0.416980
vt 0.942778 0.398636
vt 0.942665 0.398025
vt 0.942864 0.398023
vt 0.942839 0.377792
vt 0.942641 0.377792
vt 0.942748 0.377180
vt 0.059210 0.397921
vt 0.059408 0.397921
vt 0.059299 0.398533
vt 0.059313 0.377078
vt 0.059423 0.377691
vt 0.059225 0.377692
vt 0.034361 0.403552
vt 0.034550 0.403512
vt 0.034631 0.404166
vt 0.034639 0.376973
vt 0.034559 0.377627
vt 0.034369 0.377587
vt 0.968370 0.403496
vt 0.968560 0.403535
vt 0.968289 0.404150
vt 0.968110 0.376978
vt 0.968383 0.377590
vt 0.968194 0.377631
vt 0.942837 0.396349
vt 0.943016 0.397442
vt 0.942848 0.397439
vt 0.942230 0.462083
vt 0.942482 0.462083
vt 0.059237 0.379236
vt 0.059070 0.378273
vt 0.059237 0.378277
vt 0.060074 0.398655
vt 0.059576 0.398905
vt 0.059576 0.398655
vt 0.059018 0.376957
vt 0.059288 0.376782
vt 0.059189 0.376999
vt 0.034285 0.379212
vt 0.034136 0.378192
vt 0.034304 0.378211
vt 0.034902 0.404191
vt 0.034836 0.404446
vt 0.034773 0.404206
vt 0.042716 0.444419
vt 0.042218 0.444668
vt 0.042218 0.444419
vt 0.968292 0.379216
vt 0.968105 0.378247
vt 0.968272 0.378232
vt 0.960626 0.417230
vt 0.960878 0.417230
vt 0.967840 0.376956
vt 0.967902 0.376699
vt 0.967969 0.376939
vt 0.943074 0.398758
vt 0.942801 0.398930
vt 0.942902 0.398716
vt 0.942668 0.397439
vt 0.942543 0.398163
vt 0.942661 0.398728
vt 0.942990 0.398159
vt 0.942501 0.397441
vt 0.942517 0.377656
vt 0.942630 0.377090
vt 0.942651 0.378378
vt 0.942830 0.378376
vt 0.942964 0.377655
vt 0.942870 0.377100
vt 0.942483 0.378376
vt 0.942997 0.378372
vt 0.059531 0.398059
vt 0.059416 0.398625
vt 0.059402 0.397336
vt 0.059223 0.397336
vt 0.059084 0.398057
vt 0.059176 0.398613
vt 0.059570 0.397338
vt 0.059417 0.378277
vt 0.059546 0.377553
vt 0.059430 0.376986
vt 0.059099 0.377556
vt 0.059584 0.378276
vt 0.034692 0.403625
vt 0.034475 0.402912
vt 0.034295 0.402929
vt 0.034269 0.403721
vt 0.034556 0.404298
vt 0.034642 0.402898
vt 0.034128 0.402946
vt 0.034483 0.378229
vt 0.034701 0.377514
vt 0.034780 0.376932
vt 0.034277 0.377416
vt 0.034564 0.376839
vt 0.034650 0.378244
vt 0.968652 0.403705
vt 0.968365 0.404283
vt 0.968622 0.402911
vt 0.968444 0.402894
vt 0.968228 0.403609
vt 0.968148 0.404191
vt 0.968789 0.402928
vt 0.968450 0.378213
vt 0.968475 0.377420
vt 0.968184 0.376844
vt 0.968051 0.377518
vt 0.968617 0.378194
vt 0.942654 0.379337
vt 0.942833 0.379336
vt 0.942488 0.379338
vt 0.060068 0.462567
vt 0.059570 0.461982
vt 0.060068 0.461982
vt 0.060068 0.463297
vt 0.059570 0.462567
vt 0.059408 0.396247
vt 0.059228 0.396248
vt 0.059575 0.396247
vt 0.942237 0.398171
vt 0.942488 0.398756
vt 0.942237 0.398756
vt 0.942488 0.398171
vt 0.034829 0.377527
vt 0.034909 0.376950
vt 0.034785 0.378254
vt 0.034461 0.401801
vt 0.034282 0.401802
vt 0.034628 0.401799
vt 0.058910 0.398077
vt 0.059002 0.398656
vt 0.960624 0.443939
vt 0.960875 0.444523
vt 0.960624 0.444523
vt 0.960624 0.443209
vt 0.960875 0.443939
vt 0.968633 0.401782
vt 0.968454 0.401781
vt 0.968800 0.401782
vt 0.042719 0.417710
vt 0.042221 0.417125
vt 0.042719 0.417125
vt 0.042221 0.417710
vt 0.943139 0.377634
vt 0.943041 0.377056
vt 0.943173 0.378365
vt 0.968101 0.403596
vt 0.968019 0.404174
vt 0.034118 0.379210
vt 0.034465 0.379215
vt 0.034632 0.379218
vt 0.058894 0.378266
vt 0.059071 0.379235
vt 0.058895 0.379234
vt 0.059416 0.379237
vt 0.059582 0.379237
vt 0.942230 0.463397
vt 0.942482 0.464365
vt 0.942230 0.464365
vt 0.942658 0.396348
vt 0.942999 0.379335
vt 0.967970 0.378258
vt 0.968125 0.379220
vt 0.967989 0.379223
vt 0.968471 0.379212
vt 0.968638 0.379208
vt 0.042717 0.443104
vt 0.042219 0.442137
vt 0.042717 0.442137
vt 0.034115 0.401804
vt 0.059060 0.396249
vt 0.942238 0.379340
vt 0.942490 0.396348
vt 0.943005 0.396351
vt 0.968287 0.401781
vt 0.042221 0.419535
vt 0.960878 0.418544
vt 0.960626 0.419640
vt 0.960626 0.418544
vt 0.960878 0.417814
vt 0.960626 0.417814
vt 0.060074 0.399081
vt 0.942237 0.399006
vt 0.942237 0.399181
vt 0.060074 0.398070
vt 0.060075 0.397341
vt 0.060075 0.396245
vt 0.060068 0.464264
vt 0.942482 0.462668
vt 0.942230 0.462668
vt 0.042716 0.444804
vt 0.960624 0.444773
vt 0.960624 0.444909
vt 0.042716 0.443834
vt 0.960875 0.442242
vt 0.960624 0.442242
vt 0.960878 0.419640
vt 0.042719 0.416875
vt 0.059576 0.399080
vt 0.060074 0.398905
vt 0.059576 0.398070
vt 0.059577 0.397341
vt 0.060079 0.379240
vt 0.059570 0.464264
vt 0.060068 0.461733
vt 0.042218 0.444804
vt 0.042716 0.444668
vt 0.042218 0.443834
vt 0.059570 0.461557
vt 0.060068 0.461557
vt 0.942482 0.461657
vt 0.942927 0.376837
vt 0.967924 0.377531
vt 0.943174 0.379333
vt 0.943181 0.396352
vt 0.943192 0.397448
vt 0.943166 0.398179
vt 0.967915 0.404394
vt 0.942958 0.398977
vt 0.942488 0.399181
vt 0.042719 0.416739
vt 0.059117 0.398876
vt 0.034820 0.403612
vt 0.034778 0.402888
vt 0.034764 0.401798
vt 0.034768 0.379220
vt 0.058925 0.377536
vt 0.035009 0.376730
vt 0.059129 0.376736
vt 0.035005 0.404412
vt 0.042221 0.416739
vt 0.960878 0.416844
vt 0.967736 0.376737
vt 0.960875 0.444909
vt 0.841093 0.588030
vt 0.841345 0.589125
vt 0.841093 0.589125
vt 0.070050 0.587951
vt 0.070221 0.589042
vt 0.070046 0.589048
vt 0.054682 0.612123
vt 0.054184 0.611028
vt 0.054682 0.611028
vt 0.866285 0.593484
vt 0.866412 0.594584
vt 0.866276 0.594575
vt 0.841087 0.655159
vt 0.841339 0.655334
vt 0.841087 0.655334
vt 0.857561 0.609413
vt 0.857813 0.609549
vt 0.857561 0.609549
vt 0.841641 0.590324
vt 0.841523 0.589712
vt 0.841722 0.589709
vt 0.841701 0.569473
vt 0.841502 0.569472
vt 0.841614 0.568859
vt 0.070374 0.589624
vt 0.070573 0.589626
vt 0.070458 0.590239
vt 0.070472 0.568777
vt 0.070587 0.569390
vt 0.070389 0.569392
vt 0.045420 0.595254
vt 0.045609 0.595215
vt 0.045686 0.595868
vt 0.045693 0.568677
vt 0.045617 0.569331
vt 0.045428 0.569291
vt 0.866507 0.595197
vt 0.866698 0.595235
vt 0.866434 0.595852
vt 0.866275 0.568683
vt 0.866541 0.569297
vt 0.866351 0.569336
vt 0.841693 0.588033
vt 0.841872 0.589126
vt 0.841704 0.589123
vt 0.841087 0.655584
vt 0.841339 0.655584
vt 0.070403 0.570938
vt 0.070235 0.569975
vt 0.070403 0.569978
vt 0.071240 0.590357
vt 0.070742 0.590607
vt 0.070742 0.590357
vt 0.070177 0.568659
vt 0.070443 0.568480
vt 0.070349 0.568698
vt 0.045347 0.570915
vt 0.045196 0.569897
vt 0.045364 0.569915
vt 0.045956 0.595895
vt 0.045886 0.596151
vt 0.045827 0.595909
vt 0.054679 0.637007
vt 0.054181 0.637256
vt 0.054181 0.637007
vt 0.866444 0.570919
vt 0.866259 0.569951
vt 0.866426 0.569937
vt 0.857561 0.609799
vt 0.857813 0.609799
vt 0.866005 0.568657
vt 0.866076 0.568401
vt 0.866134 0.568642
vt 0.841938 0.590442
vt 0.841670 0.590620
vt 0.841766 0.590403
vt 0.841524 0.589124
vt 0.841402 0.589851
vt 0.841526 0.590418
vt 0.841849 0.589844
vt 0.841356 0.589127
vt 0.841380 0.569334
vt 0.841498 0.568766
vt 0.841508 0.570060
vt 0.841688 0.570059
vt 0.841826 0.569337
vt 0.841738 0.568780
vt 0.841341 0.570057
vt 0.841855 0.570055
vt 0.070695 0.589764
vt 0.070574 0.590331
vt 0.070568 0.589038
vt 0.070389 0.589039
vt 0.070249 0.589759
vt 0.070334 0.590317
vt 0.070736 0.589041
vt 0.070582 0.569978
vt 0.070709 0.569252
vt 0.070589 0.568683
vt 0.070263 0.569257
vt 0.070750 0.569976
vt 0.045751 0.595329
vt 0.045356 0.594631
vt 0.045536 0.594615
vt 0.045327 0.595423
vt 0.045609 0.596000
vt 0.045703 0.594601
vt 0.045188 0.594648
vt 0.045543 0.569932
vt 0.045759 0.569217
vt 0.045834 0.568635
vt 0.045335 0.569122
vt 0.045617 0.568545
vt 0.045710 0.569947
vt 0.866791 0.595404
vt 0.866511 0.595983
vt 0.866579 0.594596
vt 0.866757 0.594613
vt 0.866366 0.595312
vt 0.866293 0.595894
vt 0.866924 0.594629
vt 0.866603 0.569919
vt 0.866634 0.569128
vt 0.866352 0.568551
vt 0.866209 0.569222
vt 0.866770 0.569901
vt 0.841511 0.571021
vt 0.841690 0.571020
vt 0.841345 0.571022
vt 0.071234 0.656087
vt 0.070736 0.655502
vt 0.071234 0.655502
vt 0.071234 0.656816
vt 0.070736 0.656086
vt 0.070573 0.587949
vt 0.070394 0.587950
vt 0.070741 0.587949
vt 0.841093 0.589855
vt 0.841345 0.590440
vt 0.841093 0.590440
vt 0.841345 0.589855
vt 0.045887 0.569229
vt 0.045963 0.568652
vt 0.045846 0.569956
vt 0.045522 0.593504
vt 0.045342 0.593506
vt 0.045689 0.593503
vt 0.070073 0.589779
vt 0.070162 0.590358
vt 0.857559 0.636508
vt 0.857810 0.637093
vt 0.857558 0.637093
vt 0.857559 0.635778
vt 0.857810 0.636508
vt 0.866768 0.593486
vt 0.866589 0.593485
vt 0.866935 0.593486
vt 0.054682 0.610298
vt 0.054184 0.609713
vt 0.054682 0.609713
vt 0.054184 0.610298
vt 0.842000 0.569318
vt 0.841911 0.568739
vt 0.842030 0.570049
vt 0.866239 0.595300
vt 0.866164 0.595879
vt 0.045180 0.570912
vt 0.045526 0.570917
vt 0.045693 0.570920
vt 0.070059 0.569969
vt 0.070236 0.570937
vt 0.070061 0.570936
vt 0.070582 0.570939
vt 0.070748 0.570939
vt 0.841087 0.656899
vt 0.841338 0.657866
vt 0.841087 0.657866
vt 0.841514 0.588032
vt 0.841856 0.571019
vt 0.866123 0.569961
vt 0.866277 0.570923
vt 0.866141 0.570926
vt 0.866623 0.570916
vt 0.866790 0.570912
vt 0.054679 0.635692
vt 0.054181 0.634725
vt 0.054679 0.634725
vt 0.045175 0.593507
vt 0.070226 0.587950
vt 0.841094 0.571023
vt 0.841346 0.588031
vt 0.841861 0.588034
vt 0.866421 0.593485
vt 0.054183 0.612123
vt 0.857813 0.611114
vt 0.857561 0.612209
vt 0.857561 0.611114
vt 0.857813 0.610384
vt 0.857561 0.610384
vt 0.071240 0.590782
vt 0.841093 0.590689
vt 0.841093 0.590865
vt 0.071240 0.589772
vt 0.071240 0.589042
vt 0.071240 0.587947
vt 0.071234 0.657784
vt 0.841339 0.656169
vt 0.841087 0.656169
vt 0.054679 0.637392
vt 0.857558 0.637342
vt 0.857558 0.637478
vt 0.054679 0.636422
vt 0.857811 0.634811
vt 0.857559 0.634811
vt 0.857813 0.612209
vt 0.054682 0.609463
vt 0.070742 0.590782
vt 0.071240 0.590607
vt 0.070742 0.589772
vt 0.070743 0.589043
vt 0.071245 0.570941
vt 0.070736 0.657784
vt 0.071234 0.655252
vt 0.054181 0.637392
vt 0.054679 0.637256
vt 0.054181 0.636422
vt 0.070736 0.655076
vt 0.071234 0.655076
vt 0.841339 0.655159
vt 0.841805 0.568515
vt 0.866081 0.569234
vt 0.842031 0.571017
vt 0.842037 0.588035
vt 0.842047 0.589131
vt 0.842023 0.589862
vt 0.866067 0.596103
vt 0.841829 0.590665
vt 0.841345 0.590865
vt 0.054682 0.609327
vt 0.070272 0.590581
vt 0.045879 0.595316
vt 0.045839 0.594592
vt 0.045825 0.593502
vt 0.045829 0.570922
vt 0.070088 0.569238
vt 0.046058 0.568428
vt 0.070282 0.568434
vt 0.046055 0.596119
vt 0.054184 0.609327
vt 0.857813 0.609414
vt 0.865910 0.568434
vt 0.857810 0.637478
vt 0.942240 0.301408
vt 0.942492 0.302504
vt 0.942240 0.302503
vt 0.058887 0.301315
vt 0.059059 0.302406
vt 0.058883 0.302413
vt 0.042722 0.324601
vt 0.042225 0.323506
vt 0.042723 0.323506
vt 0.968155 0.306839
vt 0.968282 0.307940
vt 0.968146 0.307930
vt 0.942234 0.366719
vt 0.942486 0.366895
vt 0.942234 0.366895
vt 0.960630 0.321906
vt 0.960882 0.322042
vt 0.960630 0.322042
vt 0.942782 0.303699
vt 0.942669 0.303087
vt 0.942868 0.303086
vt 0.942842 0.282854
vt 0.942644 0.282854
vt 0.942750 0.282242
vt 0.059212 0.302987
vt 0.059411 0.302987
vt 0.059301 0.303599
vt 0.059318 0.282145
vt 0.059428 0.282758
vt 0.059229 0.282758
vt 0.034361 0.308612
vt 0.034550 0.308573
vt 0.034631 0.309226
vt 0.034645 0.282032
vt 0.034565 0.282686
vt 0.034375 0.282646
vt 0.968375 0.308554
vt 0.968565 0.308594
vt 0.968295 0.309209
vt 0.968112 0.282037
vt 0.968385 0.282649
vt 0.968196 0.282690
vt 0.942841 0.301412
vt 0.943019 0.302504
vt 0.942852 0.302501
vt 0.942234 0.367145
vt 0.942486 0.367145
vt 0.059241 0.284302
vt 0.059074 0.283339
vt 0.059241 0.283343
vt 0.060078 0.303721
vt 0.059580 0.303971
vt 0.059580 0.303721
vt 0.059023 0.282023
vt 0.059293 0.281849
vt 0.059194 0.282065
vt 0.034291 0.284271
vt 0.034143 0.283251
vt 0.034310 0.283270
vt 0.034901 0.309252
vt 0.034835 0.309507
vt 0.034772 0.309267
vt 0.042720 0.349485
vt 0.042222 0.349735
vt 0.042222 0.349485
vt 0.968294 0.284275
vt 0.968108 0.283306
vt 0.968274 0.283291
vt 0.960630 0.322292
vt 0.960882 0.322292
vt 0.967842 0.282015
vt 0.967904 0.281758
vt 0.967971 0.281998
vt 0.943078 0.303820
vt 0.942805 0.303992
vt 0.942906 0.303778
vt 0.942672 0.302501
vt 0.942547 0.303225
vt 0.942665 0.303791
vt 0.942994 0.303221
vt 0.942504 0.302504
vt 0.942520 0.282718
vt 0.942633 0.282152
vt 0.942654 0.283440
vt 0.942833 0.283439
vt 0.942966 0.282717
vt 0.942873 0.282162
vt 0.942486 0.283438
vt 0.943000 0.283434
vt 0.059533 0.303125
vt 0.059419 0.303691
vt 0.059226 0.302402
vt 0.059406 0.302402
vt 0.059086 0.303123
vt 0.059178 0.303679
vt 0.059573 0.302404
vt 0.059421 0.283344
vt 0.059551 0.282620
vt 0.059435 0.282053
vt 0.059104 0.282622
vt 0.059589 0.283342
vt 0.034692 0.308686
vt 0.034295 0.307989
vt 0.034475 0.307973
vt 0.034269 0.308782
vt 0.034555 0.309359
vt 0.034642 0.307959
vt 0.034128 0.308006
vt 0.034489 0.283288
vt 0.034707 0.282573
vt 0.034786 0.281992
vt 0.034283 0.282476
vt 0.034571 0.281898
vt 0.034656 0.283303
vt 0.968657 0.308763
vt 0.968370 0.309341
vt 0.968627 0.307970
vt 0.968449 0.307953
vt 0.968233 0.308668
vt 0.968153 0.309250
vt 0.968794 0.307986
vt 0.968452 0.283272
vt 0.968476 0.282479
vt 0.968186 0.281903
vt 0.968053 0.282578
vt 0.968620 0.283253
vt 0.942658 0.284399
vt 0.942836 0.284398
vt 0.942491 0.284400
vt 0.060071 0.367633
vt 0.059573 0.367048
vt 0.060072 0.367048
vt 0.060071 0.368363
vt 0.059573 0.367633
vt 0.059411 0.301313
vt 0.059231 0.301314
vt 0.059578 0.301313
vt 0.942240 0.303233
vt 0.942492 0.303818
vt 0.942240 0.303818
vt 0.942492 0.303233
vt 0.034835 0.282586
vt 0.034915 0.282010
vt 0.034791 0.283313
vt 0.034461 0.306862
vt 0.034282 0.306863
vt 0.034628 0.306860
vt 0.058913 0.303143
vt 0.059005 0.303722
vt 0.960627 0.349001
vt 0.960879 0.349585
vt 0.960627 0.349585
vt 0.960627 0.348271
vt 0.960879 0.349001
vt 0.968638 0.306841
vt 0.968459 0.306840
vt 0.968805 0.306841
vt 0.042723 0.322776
vt 0.042225 0.322191
vt 0.042723 0.322191
vt 0.042225 0.322776
vt 0.943142 0.282696
vt 0.943044 0.282118
vt 0.943175 0.283427
vt 0.968106 0.308655
vt 0.968025 0.309233
vt 0.034124 0.284268
vt 0.034470 0.284274
vt 0.034638 0.284277
vt 0.058898 0.283333
vt 0.059074 0.284301
vt 0.058899 0.284301
vt 0.059419 0.284303
vt 0.059586 0.284304
vt 0.942234 0.368459
vt 0.942485 0.369427
vt 0.942234 0.369427
vt 0.942661 0.301411
vt 0.943002 0.284397
vt 0.967972 0.283318
vt 0.968127 0.284279
vt 0.967991 0.284283
vt 0.968474 0.284271
vt 0.968641 0.284268
vt 0.042720 0.348170
vt 0.042222 0.347203
vt 0.042720 0.347203
vt 0.034115 0.306864
vt 0.059064 0.301315
vt 0.942241 0.284402
vt 0.942493 0.301410
vt 0.943009 0.301413
vt 0.968291 0.306840
vt 0.042224 0.324601
vt 0.960881 0.323606
vt 0.960629 0.324702
vt 0.960630 0.323606
vt 0.960881 0.322876
vt 0.960630 0.322876
vt 0.060078 0.304147
vt 0.942240 0.304068
vt 0.942240 0.304243
vt 0.060078 0.303137
vt 0.060078 0.302407
vt 0.060078 0.301311
vt 0.060071 0.369330
vt 0.942486 0.367730
vt 0.942234 0.367730
vt 0.042720 0.349871
vt 0.960627 0.349835
vt 0.960627 0.349971
vt 0.042720 0.348900
vt 0.960879 0.347304
vt 0.960627 0.347304
vt 0.960881 0.324702
vt 0.042723 0.321941
vt 0.059580 0.304147
vt 0.060078 0.303971
vt 0.059580 0.303137
vt 0.059580 0.302407
vt 0.060082 0.284306
vt 0.059573 0.369330
vt 0.060072 0.366799
vt 0.042222 0.349870
vt 0.042720 0.349735
vt 0.042222 0.348900
vt 0.059574 0.366623
vt 0.060072 0.366623
vt 0.942486 0.366720
vt 0.942930 0.281899
vt 0.967926 0.282591
vt 0.943177 0.284395
vt 0.943185 0.301414
vt 0.943195 0.302510
vt 0.943169 0.303241
vt 0.967920 0.309453
vt 0.942962 0.304039
vt 0.942492 0.304243
vt 0.042723 0.321806
vt 0.059119 0.303942
vt 0.034819 0.308673
vt 0.034778 0.307949
vt 0.034764 0.306859
vt 0.034774 0.284279
vt 0.058929 0.282602
vt 0.035016 0.281789
vt 0.059134 0.281802
vt 0.035004 0.309473
vt 0.042225 0.321805
vt 0.960882 0.321906
vt 0.967738 0.281797
vt 0.960879 0.349971
vt 0.830307 0.492916
vt 0.830557 0.494012
vt 0.830305 0.494011
vt 0.058469 0.491182
vt 0.058637 0.492274
vt 0.058462 0.492279
vt 0.043846 0.515323
vt 0.043350 0.514227
vt 0.043848 0.514228
vt 0.855489 0.498419
vt 0.855614 0.499519
vt 0.855478 0.499510
vt 0.830157 0.560045
vt 0.830408 0.560221
vt 0.830156 0.560220
vt 0.846729 0.514335
vt 0.846981 0.514471
vt 0.846729 0.514471
vt 0.830852 0.495212
vt 0.830734 0.494599
vt 0.830933 0.494596
vt 0.830954 0.474361
vt 0.830755 0.474359
vt 0.830868 0.473746
vt 0.058788 0.492857
vt 0.058986 0.492859
vt 0.058869 0.493472
vt 0.058932 0.472008
vt 0.059047 0.472623
vt 0.058848 0.472625
vt 0.034353 0.498423
vt 0.034542 0.498386
vt 0.034615 0.499039
vt 0.034692 0.471848
vt 0.034617 0.472502
vt 0.034428 0.472463
vt 0.855708 0.500133
vt 0.855898 0.500171
vt 0.855634 0.500787
vt 0.855529 0.473619
vt 0.855793 0.474233
vt 0.855603 0.474272
vt 0.830907 0.492920
vt 0.831083 0.494014
vt 0.830916 0.494011
vt 0.830156 0.560470
vt 0.830408 0.560471
vt 0.058859 0.474171
vt 0.058694 0.473207
vt 0.058861 0.473210
vt 0.059654 0.493591
vt 0.059156 0.493840
vt 0.059156 0.493590
vt 0.058636 0.471891
vt 0.058901 0.471710
vt 0.058808 0.471930
vt 0.034344 0.474085
vt 0.034196 0.473068
vt 0.034363 0.473086
vt 0.034886 0.499068
vt 0.034813 0.499324
vt 0.034756 0.499081
vt 0.043790 0.540207
vt 0.043291 0.540456
vt 0.043292 0.540206
vt 0.855693 0.475856
vt 0.855510 0.474886
vt 0.855677 0.474872
vt 0.846728 0.514720
vt 0.846980 0.514721
vt 0.855258 0.473592
vt 0.855330 0.473336
vt 0.855388 0.473578
vt 0.831148 0.495330
vt 0.830880 0.495508
vt 0.830976 0.495290
vt 0.830736 0.494011
vt 0.830613 0.494738
vt 0.830736 0.495306
vt 0.831059 0.494732
vt 0.830568 0.494014
vt 0.830633 0.474221
vt 0.830752 0.473653
vt 0.830940 0.474946
vt 0.830761 0.474947
vt 0.831079 0.474225
vt 0.830992 0.473667
vt 0.830593 0.474944
vt 0.831107 0.474943
vt 0.059108 0.492998
vt 0.058986 0.493566
vt 0.058805 0.492271
vt 0.058984 0.492272
vt 0.058661 0.492992
vt 0.058745 0.493550
vt 0.059152 0.492275
vt 0.059041 0.473211
vt 0.059169 0.472484
vt 0.059047 0.471914
vt 0.058722 0.472489
vt 0.059209 0.473209
vt 0.034684 0.498500
vt 0.034292 0.497801
vt 0.034472 0.497786
vt 0.034259 0.498592
vt 0.034538 0.499170
vt 0.034639 0.497773
vt 0.034125 0.497817
vt 0.034543 0.473104
vt 0.034759 0.472388
vt 0.034833 0.471807
vt 0.034335 0.472294
vt 0.034616 0.471717
vt 0.034710 0.473118
vt 0.855992 0.500340
vt 0.855711 0.500918
vt 0.855781 0.499532
vt 0.855959 0.499549
vt 0.855567 0.500247
vt 0.855492 0.500830
vt 0.856126 0.499565
vt 0.855856 0.474855
vt 0.855886 0.474064
vt 0.855605 0.473487
vt 0.855462 0.474158
vt 0.856024 0.474837
vt 0.830761 0.475908
vt 0.830940 0.475907
vt 0.830595 0.475908
vt 0.059507 0.559321
vt 0.059010 0.558735
vt 0.059509 0.558736
vt 0.059506 0.560050
vt 0.059009 0.559320
vt 0.058993 0.491182
vt 0.058813 0.491182
vt 0.059160 0.491182
vt 0.830303 0.494741
vt 0.830554 0.495326
vt 0.830302 0.495326
vt 0.830555 0.494741
vt 0.034887 0.472400
vt 0.034962 0.471823
vt 0.034845 0.473128
vt 0.034461 0.496676
vt 0.034282 0.496677
vt 0.034628 0.496675
vt 0.058487 0.493010
vt 0.058571 0.493590
vt 0.846668 0.541429
vt 0.846919 0.542015
vt 0.846667 0.542014
vt 0.846670 0.540699
vt 0.846920 0.541430
vt 0.855972 0.498422
vt 0.855793 0.498421
vt 0.856139 0.498423
vt 0.043850 0.513498
vt 0.043353 0.512912
vt 0.043851 0.512914
vt 0.043352 0.513497
vt 0.831253 0.474206
vt 0.831165 0.473627
vt 0.831282 0.474937
vt 0.855439 0.500235
vt 0.855363 0.500814
vt 0.034177 0.474082
vt 0.034523 0.474088
vt 0.034690 0.474091
vt 0.058518 0.473201
vt 0.058693 0.474170
vt 0.058518 0.474168
vt 0.059038 0.474172
vt 0.059204 0.474173
vt 0.830153 0.561785
vt 0.830403 0.562752
vt 0.830151 0.562752
vt 0.830728 0.492919
vt 0.831106 0.475906
vt 0.855374 0.474896
vt 0.855526 0.475859
vt 0.855390 0.475862
vt 0.855873 0.475852
vt 0.856040 0.475849
vt 0.043793 0.538893
vt 0.043297 0.537924
vt 0.043795 0.537926
vt 0.034115 0.496678
vt 0.058645 0.491182
vt 0.830344 0.475909
vt 0.830560 0.492918
vt 0.831075 0.492921
vt 0.855625 0.498420
vt 0.043348 0.515322
vt 0.846977 0.516035
vt 0.846723 0.517130
vt 0.846725 0.516035
vt 0.846979 0.515306
vt 0.846727 0.515305
vt 0.059653 0.494017
vt 0.830301 0.495575
vt 0.830301 0.495751
vt 0.059656 0.493006
vt 0.059657 0.492277
vt 0.059660 0.491181
vt 0.059503 0.561018
vt 0.830406 0.561055
vt 0.830155 0.561055
vt 0.043789 0.540593
vt 0.846667 0.542264
vt 0.846666 0.542400
vt 0.043791 0.539622
vt 0.846924 0.539733
vt 0.846672 0.539732
vt 0.846975 0.517131
vt 0.043852 0.512664
vt 0.059155 0.494015
vt 0.059654 0.493841
vt 0.059158 0.493005
vt 0.059159 0.492276
vt 0.059701 0.474176
vt 0.059005 0.561017
vt 0.059509 0.558486
vt 0.043291 0.540592
vt 0.043789 0.540457
vt 0.043293 0.539621
vt 0.059011 0.558309
vt 0.059509 0.558311
vt 0.830409 0.560045
vt 0.831060 0.473403
vt 0.855334 0.474169
vt 0.831281 0.475905
vt 0.831251 0.492923
vt 0.831259 0.494019
vt 0.831234 0.494750
vt 0.855266 0.501038
vt 0.831039 0.495553
vt 0.830553 0.495752
vt 0.043852 0.512528
vt 0.058678 0.493814
vt 0.034812 0.498489
vt 0.034775 0.497764
vt 0.034764 0.496674
vt 0.034826 0.474094
vt 0.058548 0.472470
vt 0.035055 0.471599
vt 0.058739 0.471665
vt 0.034981 0.499294
vt 0.043354 0.512527
vt 0.846981 0.514335
vt 0.855164 0.473369
vt 0.846918 0.542400
vt 0.000000 0.000000
vt 0.942767 0.376885
vt 0.059277 0.398829
vt 0.034844 0.376699
vt 0.968084 0.404424
vt 0.059570 0.463297
vt 0.960875 0.443209
vt 0.942482 0.463397
vt 0.042219 0.443104
vt 0.942488 0.399006
vt 0.960875 0.444773
vt 0.042221 0.416875
vt 0.059570 0.461733
vt 0.841641 0.568561
vt 0.070433 0.590535
vt 0.045893 0.568401
vt 0.866235 0.596129
vt 0.070736 0.656816
vt 0.857810 0.635778
vt 0.841338 0.656899
vt 0.054181 0.635692
vt 0.841345 0.590689
vt 0.857810 0.637342
vt 0.054184 0.609463
vt 0.070736 0.655252
vt 0.942770 0.281947
vt 0.059280 0.303895
vt 0.034850 0.281758
vt 0.968089 0.309483
vt 0.059573 0.368363
vt 0.960879 0.348271
vt 0.942485 0.368459
vt 0.042222 0.348170
vt 0.942492 0.304068
vt 0.960879 0.349835
vt 0.042225 0.321941
vt 0.059574 0.366799
vt 0.830896 0.473448
vt 0.058842 0.493769
vt 0.034890 0.471572
vt 0.855435 0.501064
vt 0.059008 0.560049
vt 0.846922 0.540700
vt 0.830405 0.561785
vt 0.043295 0.538892
vt 0.830553 0.495576
vt 0.846918 0.542264
vt 0.043353 0.512663
vt 0.059011 0.558485
s 1
g off
g frame_picture_
usemtl 
f 138/1/1 10/2/2 137/3/3
s 2
f 188/4/4 15/5/5 187/6/6
s 3
f 149/7/7 21/8/8 150/9/9
s 4
f 209/10/10 27/11/11 208/12/12
s 5
f 171/13/13 14/14/14 143/15/15
s 6
f 204/16/16 29/17/17 133/18/18
s 7
f 83/19/19 82/20/19 81/21/19
s 8
f 86/22/20 85/23/20 84/24/20
s 9
f 89/25/21 88/26/21 87/27/21
s 10
f 92/28/22 91/29/22 90/30/22
s 11
f 95/31/23 94/32/23 93/33/23
s 12
f 7/34/24 8/35/24 96/36/24
s 13
f 4/37/25 5/38/25 6/39/25
s 14
f 1/40/26 2/41/26 3/42/26
s 4
f 123/43/27 11/44/28 33/45/29
s 5
f 142/46/30 14/14/14 39/47/31
s 2
f 102/48/32 20/49/33 51/50/34
s 6
f 155/51/35 17/52/36 45/53/37
s 5
f 192/54/38 18/55/39 55/56/40
s 3
f 98/57/41 26/58/42 63/59/43
s 6
f 201/60/44 23/61/45 57/62/46
s 5
f 165/63/47 24/64/48 67/65/49
s 4
f 110/66/50 32/67/51 75/68/52
s 6
f 132/69/53 29/17/17 69/70/54
s 5
f 213/71/55 30/72/56 79/73/57
s 6
f 180/74/58 9/75/59 37/76/60
s 15
f 81/21/61 34/77/62 33/45/63
s 16
f 35/78/64 83/19/65 36/79/66
s 17
f 83/19/67 38/80/68 37/76/69
s 4
f 11/44/28 81/21/70 33/45/29
s 1
f 10/81/2 82/20/71 35/78/72
s 6
f 37/76/60 36/79/73 83/19/74
s 18
f 84/24/75 40/82/76 39/83/77
s 15
f 41/84/78 86/22/79 42/85/80
s 19
f 43/86/81 84/24/82 44/87/83
s 5
f 39/83/31 44/87/84 84/24/85
s 1
f 13/88/86 85/23/87 41/84/88
s 4
f 12/89/89 86/22/90 43/86/91
s 16
f 87/27/92 46/90/93 45/91/94
s 20
f 47/92/95 89/25/96 48/93/97
s 21
f 49/94/98 87/27/99 50/95/100
s 6
f 45/91/37 50/95/101 87/27/102
s 1
f 16/96/103 88/26/104 47/92/105
s 2
f 15/5/5 89/25/106 49/94/107
s 20
f 90/30/108 52/97/109 51/50/110
s 18
f 53/98/111 92/28/112 54/99/113
s 22
f 92/28/114 56/100/115 55/56/116
s 2
f 20/49/33 90/30/117 51/50/34
s 1
f 19/101/118 91/29/119 53/98/120
s 5
f 55/56/40 54/99/121 92/28/122
s 21
f 93/33/123 58/102/124 57/62/125
s 23
f 59/103/126 95/31/127 60/104/128
s 24
f 61/105/129 93/33/130 62/106/131
s 6
f 57/62/46 62/106/132 93/33/133
s 2
f 22/107/134 94/32/135 59/103/136
s 3
f 21/108/8 95/31/137 61/105/138
s 23
f 96/36/139 64/109/140 63/59/141
s 22
f 65/110/142 7/34/143 66/111/144
s 25
f 7/34/145 68/112/146 67/113/147
s 3
f 26/58/42 96/36/148 63/59/43
s 2
f 25/114/149 8/35/150 65/110/151
s 5
f 67/113/49 66/111/152 7/34/153
s 24
f 6/39/154 70/115/155 69/116/156
s 26
f 71/117/157 4/37/158 72/118/159
s 17
f 73/119/160 6/39/161 74/120/162
s 6
f 69/116/54 74/120/163 6/39/164
s 3
f 28/121/165 5/38/166 71/117/167
s 4
f 27/11/11 4/37/168 73/119/169
s 26
f 3/42/170 76/122/171 75/68/172
s 25
f 77/123/173 1/40/174 78/124/173
s 19
f 1/40/175 80/125/176 79/73/177
s 4
f 32/67/51 3/42/178 75/68/52
s 3
f 31/126/179 2/41/180 77/123/181
s 5
f 79/73/57 78/124/182 1/40/183
s 15
f 106/127/184 42/85/80 107/128/184
s 1
f 105/129/185 41/84/88 106/127/186
s 18
f 161/130/187 54/131/113 162/132/187
s 1
f 160/133/188 53/134/120 161/130/189
s 20
f 119/135/190 48/93/97 118/136/190
s 1
f 120/137/191 47/92/105 119/135/192
s 16
f 136/138/193 36/139/66 135/140/193
s 1
f 137/3/3 35/141/72 136/138/194
s 22
f 195/142/195 66/111/144 194/143/196
s 2
f 196/144/197 65/110/151 195/142/198
s 23
f 115/145/199 60/104/128 114/146/199
s 2
f 116/147/200 59/103/136 115/145/201
s 21
f 186/148/202 50/95/100 185/149/203
s 2
f 187/6/6 49/94/107 186/148/204
s 25
f 146/150/205 78/151/173 145/152/205
s 3
f 147/153/206 77/154/181 146/150/207
s 26
f 127/155/208 72/118/159 126/156/209
s 3
f 128/157/210 71/117/167 127/155/211
s 24
f 151/158/212 62/159/131 152/160/212
s 3
f 150/9/9 61/161/138 151/158/213
s 19
f 174/162/214 44/87/83 173/163/215
s 4
f 175/164/216 43/86/91 174/162/217
s 17
f 207/165/218 74/120/162 206/166/219
s 4
f 208/12/12 73/119/169 207/165/220
s 3
f 114/146/41 97/167/221 98/57/41
s 23
f 63/59/141 99/168/199 98/57/199
s 2
f 64/109/222 100/169/223 99/168/224
f 190/170/225 101/171/226 189/172/4
f 118/136/227 101/171/226 102/48/32
s 20
f 51/50/110 103/173/228 102/48/228
s 1
f 52/97/229 104/174/230 103/173/231
f 140/175/188 105/176/185 139/177/1
f 122/178/232 105/129/185 106/127/186
s 15
f 123/43/184 106/127/184 107/128/184
s 4
f 42/85/233 108/179/234 107/128/235
f 211/180/236 109/181/237 210/182/10
f 126/156/238 109/181/237 110/66/50
s 26
f 75/68/172 111/183/239 110/66/239
s 3
f 76/122/240 112/184/241 111/183/242
f 167/185/206 97/186/221 168/187/7
f 60/104/243 113/188/221 114/146/41
s 23
f 98/57/199 115/145/199 114/146/199
s 2
f 99/168/224 116/147/200 115/145/201
f 189/172/4 117/189/244 188/4/4
f 48/93/245 117/189/244 118/136/227
s 20
f 102/48/228 119/135/190 118/136/190
s 1
f 103/173/231 120/137/191 119/135/192
f 139/190/1 121/191/246 138/1/1
f 34/77/247 121/191/246 122/178/232
s 15
f 33/45/63 122/178/184 123/43/184
s 4
f 107/128/235 124/192/248 123/43/27
f 210/182/10 125/193/249 209/10/10
f 72/118/250 125/193/249 126/156/238
s 26
f 110/66/239 127/155/208 126/156/209
s 3
f 111/183/242 128/157/210 127/155/211
f 168/187/7 113/194/221 149/7/7
f 28/195/165 129/196/7 130/197/9
f 70/198/251 130/197/9 131/199/213
s 24
f 69/70/156 131/199/252 132/69/252
s 6
f 152/160/53 133/18/18 132/69/53
f 183/200/16 134/201/253 182/202/16
f 36/139/73 134/201/253 135/140/254
s 16
f 155/51/255 136/138/193 135/140/193
s 1
f 156/203/194 137/3/3 136/138/194
f 157/204/3 138/1/1 137/3/3
f 158/205/1 139/190/1 138/1/1
f 159/206/1 140/175/188 139/177/1
f 40/207/256 140/175/188 141/208/189
s 18
f 39/47/77 141/208/257 142/46/257
s 5
f 162/132/30 143/15/15 142/46/30
f 216/209/13 144/210/258 215/211/13
f 78/151/182 144/210/258 145/152/259
s 25
f 165/63/205 146/150/205 145/152/205
s 3
f 166/212/207 147/153/206 146/150/207
f 112/213/241 147/153/206 148/214/7
f 128/215/210 148/214/7 129/196/7
f 130/197/9 149/7/7 150/9/9
f 131/199/213 150/9/9 151/158/213
s 24
f 132/69/252 151/158/212 152/160/212
s 6
f 62/159/132 153/216/18 152/160/53
f 184/217/260 154/218/253 183/200/16
f 135/140/254 154/218/253 155/51/35
s 16
f 45/53/94 156/203/255 155/51/255
s 1
f 46/219/261 157/204/3 156/203/194
f 16/220/103 158/205/1 157/204/3
f 120/137/191 159/221/1 158/205/1
f 104/222/230 160/133/188 159/206/1
f 141/208/189 160/133/188 161/130/189
s 18
f 142/46/257 161/130/187 162/132/187
s 5
f 54/131/121 163/223/15 162/132/30
f 193/224/262 164/225/258 216/209/13
f 145/152/259 164/225/258 165/63/47
s 25
f 67/65/147 166/212/205 165/63/205
s 3
f 68/226/263 167/185/206 166/212/207
f 148/214/7 167/185/206 168/187/7
f 129/196/7 168/187/7 149/7/7
s 5
f 163/223/15 169/227/264 170/228/13
f 143/15/15 170/228/13 171/13/13
f 215/211/13 172/229/265 171/13/13
f 44/87/84 172/230/265 173/163/266
s 19
f 213/71/267 174/162/214 173/163/215
s 4
f 212/231/268 175/164/216 174/162/217
f 108/179/234 175/164/216 176/232/10
f 124/192/248 176/232/10 177/233/10
f 11/44/28 177/233/10 178/234/269
f 38/80/270 178/234/269 179/235/271
s 17
f 37/76/69 179/235/272 180/74/273
s 6
f 180/74/58 205/236/274 181/237/275
f 134/201/253 181/238/275 182/202/16
f 182/202/16 203/239/16 183/200/16
f 203/239/16 184/217/260 183/200/16
f 50/95/101 184/240/260 185/149/276
s 21
f 185/149/203 200/241/277 186/148/202
s 2
f 186/148/204 199/242/278 187/6/6
f 187/6/6 198/243/4 188/4/4
f 188/4/4 197/244/4 189/172/4
f 197/244/4 190/170/225 189/172/4
f 56/100/279 190/170/225 191/245/280
s 22
f 55/56/116 191/245/281 192/54/282
s 5
f 192/54/38 193/246/262 169/247/264
f 66/111/152 193/246/262 194/143/283
s 22
f 194/143/196 191/245/281 195/142/195
s 2
f 195/142/198 190/170/225 196/144/197
f 100/169/223 196/144/197 197/244/4
f 116/147/200 197/244/4 198/243/4
f 22/107/134 198/243/4 199/242/278
f 58/102/284 199/242/278 200/241/285
s 21
f 57/62/125 200/241/277 201/60/286
s 6
f 185/149/276 202/248/287 201/60/44
f 153/216/18 202/249/287 203/239/16
f 133/18/18 203/239/16 204/16/16
f 204/16/16 181/238/275 205/250/274
f 74/120/163 205/236/274 206/166/288
s 17
f 180/74/273 207/165/218 206/166/219
s 4
f 179/235/271 208/12/12 207/165/220
f 178/234/269 209/10/10 208/12/12
f 177/233/10 210/182/10 209/10/10
f 176/232/10 211/180/236 210/182/10
f 80/125/289 211/180/236 212/231/268
s 19
f 79/73/177 212/231/290 213/71/267
s 5
f 173/163/266 214/251/291 213/71/55
f 144/210/258 214/252/291 215/211/13
f 171/13/13 216/209/13 215/211/13
f 216/209/13 169/227/264 193/224/262
s 27
f 354/253/292 226/254/293 353/255/294
s 28
f 404/256/295 231/257/296 403/258/297
s 29
f 365/259/298 237/260/299 366/261/300
s 30
f 425/262/301 243/263/302 424/264/303
s 31
f 387/265/13 230/266/304 359/267/305
s 32
f 420/268/306 245/269/307 349/270/308
s 33
f 299/271/309 298/272/309 297/273/309
s 34
f 302/274/310 301/275/310 300/276/310
s 35
f 305/277/311 304/278/312 303/279/311
s 36
f 308/280/313 307/281/313 306/282/313
s 37
f 311/283/314 310/284/314 309/285/314
s 38
f 223/286/315 224/287/315 312/288/315
s 39
f 220/289/316 221/290/316 222/291/316
s 40
f 217/292/317 218/293/317 219/294/317
s 30
f 339/295/242 227/296/318 249/297/319
s 31
f 358/298/320 230/266/304 255/299/321
s 28
f 318/300/322 236/301/323 267/302/324
s 32
f 371/303/325 233/304/326 261/305/327
s 31
f 408/306/328 234/307/329 271/308/330
s 29
f 314/309/331 242/310/33 279/311/332
s 32
f 417/312/333 239/313/334 273/314/335
s 31
f 381/315/336 240/316/39 283/317/337
s 30
f 326/318/338 248/319/42 291/320/339
s 32
f 348/321/340 245/269/307 285/322/341
s 31
f 429/323/342 246/324/343 295/325/344
s 32
f 396/326/345 225/327/346 253/328/347
s 41
f 297/273/348 250/329/349 249/297/350
s 42
f 251/330/351 299/271/352 252/331/353
s 43
f 299/271/354 254/332/355 253/328/356
s 30
f 227/296/318 297/273/357 249/297/319
s 27
f 226/333/293 298/272/358 251/330/359
s 32
f 253/328/347 252/331/360 299/271/361
s 44
f 300/276/362 256/334/363 255/335/364
s 41
f 257/336/365 302/274/366 258/337/367
s 45
f 259/338/173 300/276/368 260/339/369
s 31
f 255/335/321 260/339/370 300/276/371
s 27
f 229/340/372 301/275/373 257/336/374
s 30
f 228/341/179 302/274/180 259/338/375
s 42
f 303/279/376 262/342/69 261/343/377
s 46
f 263/344/378 305/277/379 264/345/380
s 47
f 265/346/381 303/279/382 266/347/383
s 32
f 261/343/327 266/347/384 303/279/385
s 27
f 232/348/386 304/278/387 263/344/388
s 28
f 231/257/296 305/277/389 265/346/390
s 46
f 306/282/391 268/349/392 267/302/392
s 44
f 269/350/393 308/280/394 270/351/395
s 48
f 308/280/396 272/352/397 271/308/398
s 28
f 236/301/323 306/282/399 267/302/324
s 27
f 235/353/400 307/281/401 269/350/402
s 31
f 271/308/330 270/351/403 308/280/404
s 47
f 309/285/405 274/354/406 273/314/407
s 49
f 310/284/408 276/355/409 275/356/410
s 50
f 277/357/411 309/285/412 278/358/413
s 32
f 273/314/335 278/358/414 309/285/415
s 28
f 238/359/416 310/284/417 275/356/418
s 29
f 237/360/299 311/283/419 277/357/107
s 49
f 279/311/420 224/287/421 280/361/420
s 48
f 281/362/422 223/286/423 282/363/424
s 51
f 223/286/425 284/364/426 283/365/427
s 29
f 242/310/33 312/288/428 279/311/332
s 28
f 241/366/429 224/287/430 281/362/431
s 31
f 283/365/337 282/363/432 223/286/433
s 50
f 222/291/434 286/367/435 285/368/436
s 52
f 221/290/437 288/369/438 287/370/438
s 43
f 289/371/439 222/291/440 290/372/441
s 32
f 285/368/341 290/372/442 222/291/443
s 29
f 244/373/444 221/290/445 287/370/446
s 30
f 243/263/302 220/289/447 289/371/448
s 52
f 291/320/449 218/293/450 292/374/451
s 51
f 293/375/452 217/292/453 294/376/454
s 45
f 217/292/455 296/377/456 295/325/457
s 30
f 248/319/42 219/294/458 291/320/339
s 29
f 247/378/459 218/293/460 293/375/461
s 31
f 295/325/344 294/376/462 217/292/463
s 41
f 322/379/209 258/337/367 323/380/209
s 27
f 321/381/464 257/336/374 322/379/465
s 44
f 377/382/466 270/383/395 378/384/466
s 27
f 376/385/467 269/386/402 377/382/468
s 46
f 335/387/469 264/345/380 334/388/469
s 27
f 336/389/470 263/344/388 335/387/471
s 42
f 352/390/472 252/391/353 351/392/472
s 27
f 353/255/294 251/393/359 352/390/473
s 48
f 411/394/474 282/363/424 410/395/475
s 28
f 412/396/476 281/362/431 411/394/477
s 49
f 331/397/478 276/355/409 330/398/478
s 28
f 332/399/230 275/356/418 331/397/231
s 47
f 402/400/479 266/347/383 401/401/480
s 28
f 403/258/297 265/346/390 402/400/481
s 51
f 362/402/482 294/403/454 361/404/482
s 29
f 363/405/483 293/406/461 362/402/484
s 52
f 343/407/199 288/369/438 342/408/485
s 29
f 344/409/200 287/370/446 343/407/201
s 50
f 367/410/486 278/411/413 368/412/486
s 29
f 366/261/300 277/413/107 367/410/487
s 45
f 390/414/488 260/339/369 389/415/489
s 30
f 391/416/490 259/338/375 390/414/491
s 43
f 423/417/492 290/372/441 422/418/493
s 30
f 424/264/303 289/371/448 423/417/494
s 29
f 330/398/495 313/419/496 314/309/331
s 49
f 279/311/420 315/420/478 314/309/478
s 28
f 280/361/497 316/421/230 315/420/498
f 406/422/499 317/423/500 405/424/295
f 334/388/186 317/423/500 318/300/322
s 46
f 267/302/392 319/425/501 318/300/501
s 27
f 268/349/502 320/426/503 319/425/235
f 356/427/467 321/428/464 355/429/292
f 338/430/465 321/381/464 322/379/465
s 41
f 339/295/504 322/379/209 323/380/209
s 30
f 258/337/505 324/431/210 323/380/506
f 427/432/507 325/433/508 426/434/301
f 342/408/338 325/433/508 326/318/338
s 52
f 291/320/449 327/435/199 326/318/485
s 29
f 292/374/509 328/436/223 327/435/510
f 383/437/483 313/438/496 384/439/298
f 276/355/511 329/440/244 330/398/495
s 49
f 314/309/478 331/397/478 330/398/478
s 28
f 315/420/498 332/399/230 331/397/231
f 405/424/295 333/441/512 404/256/295
f 264/345/513 333/441/512 334/388/186
s 46
f 318/300/501 335/387/469 334/388/469
s 27
f 319/425/235 336/389/470 335/387/471
f 355/442/292 337/443/514 354/253/292
f 250/329/515 337/443/514 338/430/465
s 41
f 249/297/350 338/430/516 339/295/504
s 30
f 323/380/506 340/444/241 339/295/242
f 426/434/301 341/445/517 425/262/301
f 288/369/518 341/445/517 342/408/338
s 52
f 326/318/485 343/407/199 342/408/485
s 29
f 327/435/510 344/409/200 343/407/201
f 384/439/298 329/446/244 365/259/298
f 244/447/444 345/448/298 346/449/300
f 286/450/519 346/449/300 347/451/487
s 50
f 285/322/436 347/451/520 348/321/520
s 32
f 368/412/521 349/270/308 348/321/340
f 399/452/306 350/453/522 398/454/306
f 252/391/360 350/453/522 351/392/523
s 42
f 371/303/524 352/390/472 351/392/472
s 27
f 372/455/473 353/255/294 352/390/473
f 373/456/294 354/253/292 353/255/294
f 374/457/292 355/442/292 354/253/292
f 375/458/292 356/427/467 355/429/292
f 256/459/525 356/427/467 357/460/526
s 44
f 255/299/364 357/460/527 358/298/466
s 31
f 378/384/528 359/267/305 358/298/320
f 432/461/13 360/462/529 431/463/13
f 294/403/462 360/462/529 361/404/530
s 51
f 381/315/531 362/402/482 361/404/482
s 29
f 382/464/484 363/405/483 362/402/484
f 328/465/223 363/405/483 364/466/298
f 344/467/200 364/466/298 345/448/298
f 346/449/300 365/259/298 366/261/300
f 347/451/487 366/261/300 367/410/487
s 50
f 348/321/520 367/410/486 368/412/486
s 32
f 278/411/414 369/468/308 368/412/521
f 400/469/532 370/470/533 399/452/306
f 351/392/523 370/470/533 371/303/325
s 42
f 261/305/377 372/455/524 371/303/524
s 27
f 262/471/534 373/456/294 372/455/473
f 232/472/386 374/457/292 373/456/294
f 336/389/470 375/473/292 374/457/292
f 320/474/503 376/385/467 375/458/292
f 357/460/526 376/385/467 377/382/468
s 44
f 358/298/466 377/382/466 378/384/466
s 31
f 270/383/403 379/475/535 378/384/528
f 409/476/536 380/477/537 432/461/13
f 361/404/530 380/477/537 381/315/336
s 51
f 283/317/427 382/464/482 381/315/531
s 29
f 284/478/538 383/437/483 382/464/484
f 364/466/298 383/437/483 384/439/298
f 345/448/298 384/439/298 365/259/298
s 31
f 379/475/535 385/479/539 386/480/13
f 359/267/305 386/480/13 387/265/13
f 431/463/13 388/481/540 387/265/13
f 260/339/370 388/482/540 389/415/541
s 45
f 429/323/542 390/414/488 389/415/489
s 30
f 428/483/543 391/416/490 390/414/491
f 324/431/210 391/416/490 392/484/301
f 340/444/241 392/484/301 393/485/301
f 227/296/318 393/485/301 394/486/544
f 254/332/545 394/486/544 395/487/546
s 43
f 253/328/356 395/487/547 396/326/548
s 32
f 396/326/345 421/488/549 397/489/550
f 350/453/522 397/490/550 398/454/306
f 420/268/306 399/452/306 398/454/306
f 419/491/306 400/469/532 399/452/306
f 266/347/384 400/492/532 401/401/551
s 47
f 401/401/480 416/493/552 402/400/479
s 28
f 402/400/481 415/494/553 403/258/297
f 403/258/297 414/495/295 404/256/295
f 404/256/295 413/496/554 405/424/295
f 413/496/554 406/422/499 405/424/295
f 272/352/555 406/422/499 407/497/556
s 48
f 271/308/398 407/497/557 408/306/558
s 31
f 408/306/328 409/498/536 385/499/539
f 282/363/432 409/498/536 410/395/559
s 48
f 410/395/475 407/497/557 411/394/474
s 28
f 411/394/477 406/422/499 412/396/476
f 316/421/230 412/396/476 413/496/554
f 332/399/230 413/496/554 414/495/295
f 238/359/416 414/495/295 415/494/553
f 274/354/560 415/494/553 416/493/561
s 47
f 273/314/407 416/493/552 417/312/562
s 32
f 401/401/551 418/500/563 417/312/333
f 369/468/308 418/501/563 419/491/306
f 349/270/308 419/491/306 420/268/306
f 420/268/306 397/490/550 421/502/549
f 290/372/442 421/488/549 422/418/564
s 43
f 396/326/548 423/417/492 422/418/493
s 30
f 395/487/546 424/264/303 423/417/494
f 394/486/544 425/262/301 424/264/303
f 393/485/301 426/434/301 425/262/301
f 392/484/301 427/432/507 426/434/301
f 296/377/565 427/432/507 428/483/543
s 45
f 295/325/457 428/483/566 429/323/542
s 31
f 389/415/541 430/503/567 429/323/342
f 360/462/529 430/504/567 431/463/13
f 431/463/13 386/480/13 432/461/13
f 432/461/13 385/479/539 409/476/536
s 53
f 570/505/7 442/506/568 569/507/9
s 54
f 620/508/569 447/509/570 619/510/571
s 55
f 581/511/1 453/512/572 582/513/3
s 56
f 641/514/573 459/515/574 640/516/575
s 57
f 603/517/13 446/518/576 575/519/258
s 58
f 636/520/577 461/521/578 565/522/253
s 59
f 515/523/23 514/524/23 513/525/23
s 60
f 518/526/24 517/527/24 516/528/24
s 61
f 521/529/309 520/530/309 519/531/309
s 62
f 524/532/579 523/533/579 522/534/579
s 63
f 527/535/311 526/536/311 525/537/311
s 64
f 439/538/580 440/539/580 528/540/580
s 65
f 436/541/581 437/542/581 438/543/581
s 66
f 433/544/582 434/545/582 435/546/582
s 56
f 555/547/224 443/548/134 465/549/136
s 57
f 574/550/47 446/518/576 471/551/49
s 54
f 534/552/583 452/553/584 483/554/585
s 58
f 587/555/53 449/556/346 477/557/586
s 57
f 624/558/587 450/559/588 487/560/589
s 55
f 530/561/186 458/562/590 495/563/591
s 58
f 633/564/592 455/565/593 489/566/60
s 57
f 597/567/594 456/568/595 499/569/596
s 56
f 542/570/597 464/571/598 507/572/332
s 58
f 564/573/599 461/521/578 501/574/600
s 57
f 645/575/601 462/576/602 511/577/603
s 58
f 612/578/604 441/579/605 469/580/606
s 67
f 465/549/607 514/524/608 466/581/609
s 68
f 467/582/610 515/523/611 468/583/612
s 69
f 515/523/613 470/584/614 469/580/615
s 56
f 443/548/134 513/525/616 465/549/136
s 53
f 442/585/568 514/524/617 467/582/618
s 58
f 469/580/606 468/583/619 515/523/620
s 70
f 516/528/145 472/586/621 471/587/622
s 67
f 473/588/623 518/526/624 474/589/625
s 71
f 475/590/626 516/528/627 476/591/628
s 57
f 471/587/49 476/591/629 516/528/630
s 53
f 445/592/631 517/527/632 473/588/633
s 56
f 444/593/149 518/526/634 475/590/635
s 68
f 519/531/636 478/594/155 477/595/637
s 72
f 520/530/638 480/596/639 479/597/640
s 73
f 481/598/641 519/531/642 482/599/643
s 58
f 477/595/586 482/599/644 519/531/645
s 53
f 448/600/646 520/530/647 479/597/648
s 54
f 447/509/570 521/529/649 481/598/650
s 72
f 483/554/651 523/533/652 484/601/653
s 70
f 485/602/654 524/532/655 486/603/369
s 74
f 524/532/656 488/604/657 487/560/658
s 54
f 452/553/584 522/534/659 483/554/585
s 53
f 451/605/660 523/533/661 485/602/662
s 57
f 487/560/589 486/603/663 524/532/664
s 73
f 525/537/665 490/606/68 489/566/69
s 75
f 526/536/666 492/607/667 491/608/667
s 76
f 493/609/668 525/537/669 494/610/383
s 58
f 489/566/60 494/610/670 525/537/671
s 54
f 454/611/672 526/536/673 491/608/674
s 55
f 453/612/572 527/535/675 493/609/390
s 75
f 528/540/676 496/613/677 495/563/677
s 74
f 497/614/678 439/538/679 498/615/83
s 77
f 439/538/680 500/616/681 499/617/398
s 55
f 458/562/590 528/540/682 495/563/591
s 54
f 457/618/683 440/539/684 497/614/685
s 57
f 499/617/596 498/615/686 439/538/687
s 76
f 438/543/688 502/619/689 501/620/690
s 78
f 503/621/691 436/541/692 504/622/691
s 69
f 505/623/693 438/543/694 506/624/100
s 58
f 501/620/600 506/624/695 438/543/696
s 55
f 460/625/697 437/542/698 503/621/699
s 56
f 459/515/574 436/541/700 505/623/107
s 78
f 435/546/701 508/626/702 507/572/703
s 77
f 509/627/704 433/544/705 510/628/706
s 71
f 433/544/707 512/629/708 511/577/708
s 56
f 464/571/598 435/546/709 507/572/332
s 55
f 463/630/710 434/545/711 509/627/431
s 57
f 511/577/603 510/628/712 433/544/713
s 67
f 538/631/714 474/589/625 539/632/714
s 53
f 537/633/221 473/588/633 538/631/41
s 70
f 593/634/715 486/635/369 594/636/715
s 53
f 592/637/206 485/638/662 593/634/207
s 72
f 551/639/209 480/596/639 550/640/209
s 53
f 552/641/241 479/597/648 551/639/242
s 68
f 568/642/212 468/643/612 567/644/212
s 53
f 569/507/9 467/645/618 568/642/213
s 74
f 627/646/716 498/615/83 626/647/717
s 54
f 628/648/718 497/614/685 627/646/719
s 75
f 547/649/720 492/607/667 546/650/720
s 54
f 548/651/234 491/608/674 547/649/721
s 73
f 618/652/722 482/599/643 617/653/723
s 54
f 619/510/571 481/598/650 618/652/724
s 77
f 578/654/725 510/655/706 577/656/725
s 55
f 579/657/726 509/658/431 578/654/727
s 78
f 559/659/228 504/622/691 558/660/228
s 55
f 560/661/728 503/621/699 559/659/729
s 76
f 583/662/730 494/663/383 584/664/730
s 55
f 582/513/3 493/665/390 583/662/194
s 71
f 606/666/731 476/591/628 605/667/732
s 56
f 607/668/733 475/590/635 606/666/734
s 69
f 639/669/735 506/624/100 638/670/736
s 56
f 640/516/575 505/623/107 639/669/737
s 55
f 546/650/738 529/671/739 530/561/186
s 75
f 495/563/677 531/672/469 530/561/469
s 54
f 496/613/740 532/673/234 531/672/471
f 622/674/741 533/675/237 621/676/569
f 550/640/465 533/675/237 534/552/583
s 72
f 483/554/651 535/677/742 534/552/742
s 53
f 484/601/743 536/678/210 535/677/506
f 572/679/206 537/680/221 571/681/7
f 554/682/41 537/633/221 538/631/41
s 67
f 555/547/744 538/631/714 539/632/714
s 56
f 474/589/745 540/683/223 539/632/201
f 643/684/746 541/685/496 642/686/573
f 558/660/597 541/685/496 542/570/597
s 78
f 507/572/703 543/687/478 542/570/478
s 55
f 508/626/747 544/688/191 543/687/192
f 599/689/726 529/690/739 600/691/1
f 492/607/748 545/692/749 546/650/738
s 75
f 530/561/469 547/649/720 546/650/720
s 54
f 531/672/471 548/651/234 547/649/721
f 621/676/569 549/693/750 620/508/569
f 480/596/751 549/693/750 550/640/465
s 72
f 534/552/742 551/639/209 550/640/209
s 53
f 535/677/506 552/641/241 551/639/242
f 571/694/7 553/695/221 570/505/7
f 466/581/752 553/695/221 554/682/41
s 67
f 465/549/607 554/682/744 555/547/744
s 56
f 539/632/201 556/696/223 555/547/224
f 642/686/573 557/697/496 641/514/573
f 504/622/753 557/697/496 558/660/597
s 78
f 542/570/478 559/659/228 558/660/228
s 55
f 543/687/192 560/661/728 559/659/729
f 600/691/1 545/698/749 581/511/1
f 460/699/697 561/700/1 562/701/3
f 502/702/560 562/701/3 563/703/194
s 76
f 501/574/690 563/703/754 564/573/754
s 58
f 584/664/755 565/522/253 564/573/599
f 615/704/577 566/705/18 614/706/577
f 468/643/619 566/705/18 567/644/756
s 68
f 587/555/252 568/642/212 567/644/212
s 53
f 588/707/213 569/507/9 568/642/213
f 589/708/9 570/505/7 569/507/9
f 590/709/7 571/694/7 570/505/7
f 591/710/7 572/679/206 571/681/7
f 472/711/757 572/679/206 573/712/207
s 70
f 471/551/622 573/712/758 574/550/759
s 57
f 594/636/47 575/519/258 574/550/47
f 648/713/13 576/714/15 647/715/13
f 510/655/712 576/714/15 577/656/760
s 77
f 597/567/257 578/654/725 577/656/725
s 55
f 598/716/189 579/657/726 578/654/727
f 544/717/191 579/657/726 580/718/1
f 560/719/728 580/718/1 561/700/1
f 562/701/3 581/511/1 582/513/3
f 563/703/194 582/513/3 583/662/194
s 76
f 564/573/754 583/662/730 584/664/730
s 58
f 494/663/670 585/720/253 584/664/755
f 616/721/761 586/722/18 615/704/577
f 567/644/756 586/722/18 587/555/53
s 68
f 477/557/637 588/707/252 587/555/252
s 53
f 478/723/762 589/708/9 588/707/213
f 448/724/646 590/709/7 589/708/9
f 552/641/241 591/725/7 590/709/7
f 536/726/210 592/637/206 591/710/7
f 573/712/207 592/637/206 593/634/207
s 70
f 574/550/759 593/634/715 594/636/715
s 57
f 486/635/663 595/727/258 594/636/47
f 625/728/763 596/729/15 648/713/13
f 577/656/760 596/729/15 597/567/594
s 77
f 499/569/398 598/716/257 597/567/257
s 55
f 500/730/764 599/689/726 598/716/189
f 580/718/1 599/689/726 600/691/1
f 561/700/1 600/691/1 581/511/1
s 57
f 595/727/258 601/731/765 602/732/13
f 575/519/258 602/732/13 603/517/13
f 647/715/13 604/733/766 603/517/13
f 476/591/629 604/734/766 605/667/767
s 71
f 645/575/768 606/666/731 605/667/732
s 56
f 644/735/769 607/668/733 606/666/734
f 540/683/223 607/668/733 608/736/573
f 556/696/223 608/736/573 609/737/573
f 443/548/134 609/737/573 610/738/770
f 470/584/771 610/738/770 611/739/772
s 69
f 469/580/615 611/739/773 612/578/774
s 58
f 612/578/604 637/740/775 613/741/776
f 566/705/18 613/742/776 614/706/577
f 614/706/577 635/743/577 615/704/577
f 635/743/577 616/721/761 615/704/577
f 482/599/644 616/744/761 617/653/777
s 73
f 617/653/723 632/745/778 618/652/722
s 54
f 618/652/724 631/746/779 619/510/571
f 619/510/571 630/747/569 620/508/569
f 620/508/569 629/748/569 621/676/569
f 629/748/569 622/674/741 621/676/569
f 488/604/780 622/674/741 623/749/781
s 74
f 487/560/658 623/749/782 624/558/783
s 57
f 624/558/587 625/750/763 601/751/765
f 498/615/686 625/750/763 626/647/784
s 74
f 626/647/717 623/749/782 627/646/716
s 54
f 627/646/719 622/674/741 628/648/718
f 532/673/234 628/648/718 629/748/569
f 548/651/234 629/748/569 630/747/569
f 454/611/672 630/747/569 631/746/779
f 490/606/785 631/746/779 632/745/786
s 73
f 489/566/69 632/745/778 633/564/787
s 58
f 617/653/777 634/752/788 633/564/592
f 585/720/253 634/753/788 635/743/577
f 565/522/253 635/743/577 636/520/577
f 636/520/577 613/742/776 637/754/775
f 506/624/695 637/740/775 638/670/789
s 69
f 612/578/774 639/669/735 638/670/736
s 56
f 611/739/772 640/516/575 639/669/737
f 610/738/770 641/514/573 640/516/575
f 609/737/573 642/686/573 641/514/573
f 608/736/573 643/684/746 642/686/573
f 512/629/790 643/684/746 644/735/769
s 71
f 511/577/708 644/735/791 645/575/768
s 57
f 605/667/767 646/755/792 645/575/601
f 576/714/15 646/756/792 647/715/13
f 603/517/13 648/713/13 647/715/13
f 648/713/13 601/731/765 625/728/763
s 79
f 786/757/298 658/758/574 785/759/300
s 80
f 836/760/793 663/761/568 835/762/794
s 81
f 797/763/292 669/764/795 798/765/796
s 82
f 857/766/797 675/767/798 856/768/799
s 83
f 819/769/13 662/770/800 791/771/801
s 84
f 852/772/802 677/773/803 781/774/533
s 85
f 731/775/804 730/776/804 729/777/804
s 86
f 734/778/805 733/779/805 732/780/805
s 87
f 737/781/806 736/782/806 735/783/806
s 88
f 740/784/807 739/785/807 738/786/807
s 89
f 743/787/309 742/788/309 741/789/309
s 90
f 655/790/579 656/791/579 744/792/579
s 91
f 652/793/311 653/794/311 654/795/311
s 92
f 649/796/580 650/797/580 651/798/580
s 82
f 771/799/231 659/800/103 681/801/808
s 83
f 790/802/809 662/770/800 687/803/603
s 80
f 750/804/41 668/805/810 699/806/811
s 84
f 803/807/812 665/808/605 693/809/813
s 83
f 840/810/814 666/811/815 703/812/816
s 81
f 746/813/50 674/814/817 711/815/818
s 84
f 849/816/819 671/817/17 705/818/820
s 83
f 813/819/821 672/820/822 715/821/589
s 82
f 758/822/823 680/823/824 723/824/825
s 84
f 780/825/325 677/773/803 717/826/826
s 83
f 861/827/827 678/828/828 727/829/829
s 84
f 828/830/830 657/831/831 685/832/832
s 93
f 681/801/833 730/776/834 682/833/833
s 94
f 683/834/835 731/775/836 684/835/100
s 95
f 731/775/837 686/836/690 685/832/838
s 82
f 659/800/103 729/777/839 681/801/808
s 79
f 658/837/574 730/776/106 683/834/107
s 84
f 685/832/832 684/835/840 731/775/841
s 96
f 732/780/114 688/838/708 687/839/842
s 93
f 733/779/843 690/840/844 689/841/845
s 97
f 691/842/846 732/780/847 692/843/706
s 83
f 687/839/603 692/843/848 732/780/849
s 79
f 661/844/598 733/779/850 689/841/851
s 82
f 660/845/118 734/778/852 691/842/853
s 94
f 735/783/854 694/846/615 693/847/855
s 98
f 736/782/608 696/848/856 695/849/857
s 99
f 697/850/858 735/783/859 698/851/441
s 84
f 693/847/813 698/851/860 735/783/861
s 79
f 664/852/444 736/782/862 695/849/136
s 80
f 663/761/568 737/781/863 697/850/864
s 98
f 699/806/865 739/785/866 700/853/867
s 96
f 701/854/868 740/784/869 702/855/870
s 100
f 740/784/871 704/856/872 703/812/873
s 80
f 668/805/810 738/786/874 699/806/811
s 79
f 667/857/459 739/785/875 701/854/876
s 83
f 703/812/816 702/855/877 740/784/878
s 99
f 741/789/879 706/858/880 705/818/881
s 101
f 742/788/882 708/859/883 707/860/884
s 102
f 709/861/885 741/789/886 710/862/887
s 84
f 705/818/820 710/862/888 741/789/889
s 80
f 670/863/890 742/788/891 707/860/892
s 81
f 669/864/795 743/787/893 709/861/894
s 101
f 711/815/651 656/791/895 712/865/896
s 100
f 713/866/897 655/790/898 714/867/899
s 103
f 655/790/175 716/868/657 715/869/900
s 81
f 674/814/817 744/792/901 711/815/818
s 80
f 673/870/902 656/791/903 713/866/904
s 83
f 715/869/589 714/867/370 655/790/905
s 102
f 654/795/906 718/871/907 717/872/908
s 104
f 653/794/909 720/873/910 719/874/911
s 95
f 721/875/912 654/795/913 722/876/914
s 84
f 717/872/826 722/876/915 654/795/916
s 81
f 676/877/917 653/794/918 719/874/919
s 82
f 675/767/798 652/793/920 721/875/921
s 104
f 651/798/922 724/878/923 723/824/924
s 103
f 725/879/925 649/796/926 726/880/927
s 97
f 649/796/928 728/881/929 727/829/930
s 82
f 680/823/824 651/798/931 723/824/825
s 81
f 679/882/89 650/797/932 725/879/685
s 83
f 727/829/829 726/880/933 649/796/934
s 93
f 754/883/190 690/840/844 755/884/935
s 79
f 753/885/244 689/841/851 754/883/331
s 96
f 809/886/531 702/887/870 810/888/531
s 79
f 808/889/483 701/890/876 809/886/936
s 98
f 767/891/937 696/848/856 766/892/937
s 79
f 768/893/223 695/849/136 767/891/510
s 94
f 784/894/938 684/895/100 783/896/520
s 79
f 785/759/300 683/897/107 784/894/939
s 100
f 843/898/940 714/867/899 842/899/941
s 80
f 844/900/942 713/866/904 843/898/943
s 101
f 763/901/504 708/859/883 762/902/504
s 80
f 764/903/210 707/860/892 763/901/506
s 99
f 834/904/944 698/851/441 833/905/945
s 80
f 835/762/794 697/850/864 834/904/946
s 103
f 794/906/466 726/907/927 793/908/947
s 81
f 795/909/948 725/910/685 794/906/949
s 104
f 775/911/469 720/873/910 774/912/469
s 81
f 776/913/248 719/874/919 775/911/27
s 102
f 799/914/950 710/915/887 800/916/951
s 81
f 798/765/796 709/917/894 799/914/952
s 97
f 822/918/953 692/843/706 821/919/954
s 82
f 823/920/955 691/842/853 822/918/956
s 95
f 855/921/957 722/876/914 854/922/958
s 82
f 856/768/799 721/875/921 855/921/959
s 81
f 762/902/238 745/923/249 746/813/50
s 101
f 711/815/651 747/924/209 746/813/516
s 80
f 712/865/960 748/925/241 747/924/961
f 838/926/962 749/927/221 837/928/793
f 766/892/963 749/927/221 750/804/41
s 98
f 699/806/865 751/929/964 750/804/964
s 79
f 700/853/965 752/930/966 751/929/201
f 788/931/483 753/932/244 787/933/298
f 770/934/495 753/885/244 754/883/331
s 93
f 771/799/190 754/883/190 755/884/935
s 82
f 690/840/229 756/935/230 755/884/231
f 859/936/967 757/937/185 858/938/797
f 774/912/232 757/937/185 758/822/823
s 104
f 723/824/924 759/939/968 758/822/968
s 81
f 724/878/969 760/940/234 759/939/970
f 815/941/948 745/942/249 816/943/292
f 708/859/971 761/944/249 762/902/238
s 101
f 746/813/516 763/901/504 762/902/504
s 80
f 747/924/961 764/903/210 763/901/506
f 837/928/793 765/945/221 836/760/793
f 696/848/972 765/945/221 766/892/963
s 98
f 750/804/964 767/891/937 766/892/937
s 79
f 751/929/201 768/893/223 767/891/510
f 787/946/298 769/947/244 786/757/298
f 682/833/973 769/947/244 770/934/495
s 93
f 681/801/833 770/934/190 771/799/190
s 82
f 755/884/231 772/948/191 771/799/231
f 858/938/797 773/949/246 857/766/797
f 720/873/974 773/949/246 774/912/232
s 104
f 758/822/968 775/911/469 774/912/469
s 81
f 759/939/970 776/913/248 775/911/27
f 816/943/292 761/950/249 797/763/292
f 676/951/917 777/952/292 778/953/796
f 718/954/975 778/953/796 779/955/952
s 102
f 717/826/908 779/955/524 780/825/524
s 84
f 800/916/976 781/774/533 780/825/325
f 831/956/802 782/957/308 830/958/802
f 684/895/840 782/957/308 783/896/812
s 94
f 803/807/520 784/894/938 783/896/520
s 79
f 804/959/939 785/759/300 784/894/939
f 805/960/300 786/757/298 785/759/300
f 806/961/298 787/946/298 786/757/298
f 807/962/298 788/931/483 787/933/298
f 688/963/279 788/931/483 789/964/936
s 96
f 687/803/842 789/964/977 790/802/977
s 83
f 810/888/978 791/771/801 790/802/809
f 864/965/13 792/966/979 863/967/13
f 726/907/933 792/966/979 793/908/980
s 103
f 813/819/466 794/906/466 793/908/947
s 81
f 814/968/949 795/909/948 794/906/949
f 760/969/234 795/909/948 796/970/292
f 776/971/248 796/970/292 777/952/292
f 778/953/796 797/763/292 798/765/796
f 779/955/952 798/765/796 799/914/952
s 102
f 780/825/524 799/914/950 800/916/951
s 84
f 710/915/888 801/972/981 800/916/976
f 832/973/982 802/974/308 831/956/802
f 783/896/812 802/974/308 803/807/812
s 94
f 693/809/855 804/959/938 803/807/520
s 79
f 694/975/983 805/960/300 804/959/939
f 664/976/444 806/961/298 805/960/300
f 768/893/223 807/977/298 806/961/298
f 752/978/966 808/889/483 807/962/298
f 789/964/936 808/889/483 809/886/936
s 96
f 790/802/977 809/886/531 810/888/531
s 83
f 702/887/877 811/979/801 810/888/978
f 841/980/984 812/981/979 864/965/13
f 793/908/980 812/981/979 813/819/821
s 103
f 715/821/900 814/968/466 813/819/466
s 81
f 716/982/985 815/941/948 814/968/949
f 796/970/292 815/941/948 816/943/292
f 777/952/292 816/943/292 797/763/292
s 83
f 811/979/801 817/983/986 818/984/13
f 791/771/801 818/984/13 819/769/13
f 863/967/13 820/985/987 819/769/13
f 692/843/848 820/986/987 821/919/988
s 97
f 861/827/989 822/918/953 821/919/954
s 82
f 860/987/990 823/920/955 822/918/956
f 756/935/230 823/920/955 824/988/797
f 772/948/191 824/988/797 825/989/797
f 659/800/103 825/989/797 826/990/799
f 686/836/991 826/990/799 827/991/992
s 95
f 685/832/838 827/991/993 828/830/994
s 84
f 828/830/830 853/992/995 829/993/996
f 782/957/308 829/994/996 830/958/802
f 830/958/802 851/995/802 831/956/802
f 851/995/802 832/973/982 831/956/802
f 698/851/860 832/996/982 833/905/997
s 99
f 833/905/945 848/997/998 834/904/944
s 80
f 834/904/946 847/998/999 835/762/794
f 835/762/794 846/999/793 836/760/793
f 836/760/793 845/1000/793 837/928/793
f 845/1000/793 838/926/962 837/928/793
f 704/856/565 838/926/962 839/1001/1000
s 100
f 703/812/873 839/1001/1001 840/810/1002
s 83
f 840/810/814 841/1002/984 817/1003/986
f 714/867/370 841/1002/984 842/899/1003
s 100
f 842/899/941 839/1001/1001 843/898/940
s 80
f 843/898/943 838/926/962 844/900/942
f 748/925/241 844/900/942 845/1000/793
f 764/903/210 845/1000/793 846/999/793
f 670/863/890 846/999/793 847/998/999
f 706/858/1004 847/998/999 848/997/1005
s 99
f 705/818/881 848/997/998 849/816/1006
s 84
f 833/905/997 850/1004/1007 849/816/819
f 801/972/981 850/1005/1007 851/995/802
f 781/774/533 851/995/802 852/772/802
f 852/772/802 829/994/996 853/1006/995
f 722/876/915 853/992/995 854/922/1008
s 95
f 828/830/994 855/921/957 854/922/958
s 82
f 827/991/992 856/768/799 855/921/959
f 826/990/799 857/766/797 856/768/799
f 825/989/797 858/938/797 857/766/797
f 824/988/797 859/936/967 858/938/797
f 728/881/764 859/936/967 860/987/990
s 97
f 727/829/930 860/987/1009 861/827/989
s 83
f 821/919/988 862/1007/1010 861/827/827
f 792/966/979 862/1008/1010 863/967/13
f 819/769/13 864/965/13 863/967/13
f 864/965/13 817/983/986 841/980/984
s 0
f 865/1009/1011 868/1009/1011 867/1009/1011
s 1
f 138/1/1 121/191/246 10/2/2
s 2
f 188/4/4 117/189/244 15/5/5
s 3
f 149/7/7 113/194/221 21/8/8
s 4
f 209/10/10 125/193/249 27/11/11
s 5
f 171/13/13 172/229/265 14/14/14
s 6
f 204/16/16 205/250/274 29/17/17
s 4
f 123/43/27 124/192/248 11/44/28
s 5
f 142/46/30 143/15/15 14/14/14
s 2
f 102/48/32 101/171/226 20/49/33
s 6
f 155/51/35 154/218/253 17/52/36
s 5
f 192/54/38 169/247/264 18/55/39
s 3
f 98/57/41 97/167/221 26/58/42
s 6
f 201/60/44 202/248/287 23/61/45
s 5
f 165/63/47 164/225/258 24/64/48
s 4
f 110/66/50 109/181/237 32/67/51
s 6
f 132/69/53 133/18/18 29/17/17
s 5
f 213/71/55 214/251/291 30/72/56
s 6
f 180/74/58 181/237/275 9/75/59
s 15
f 81/21/61 82/20/1012 34/77/62
s 16
f 35/78/64 82/20/1013 83/19/65
s 17
f 83/19/67 81/21/1014 38/80/68
s 4
f 11/44/28 38/80/270 81/21/70
s 1
f 10/81/2 34/77/247 82/20/71
s 6
f 37/76/60 9/75/59 36/79/73
s 18
f 84/24/75 85/23/1015 40/82/76
s 15
f 41/84/78 85/23/1016 86/22/79
s 19
f 43/86/81 86/22/1017 84/24/82
s 5
f 39/83/31 14/1010/14 44/87/84
s 1
f 13/88/86 40/82/256 85/23/87
s 4
f 12/89/89 42/85/233 86/22/90
s 16
f 87/27/92 88/26/1018 46/90/93
s 20
f 47/92/95 88/26/1019 89/25/96
s 21
f 49/94/98 89/25/1020 87/27/99
s 6
f 45/91/37 17/1011/36 50/95/101
s 1
f 16/96/103 46/90/261 88/26/104
s 2
f 15/5/5 48/93/245 89/25/106
s 20
f 90/30/108 91/29/1021 52/97/109
s 18
f 53/98/111 91/29/1022 92/28/112
s 22
f 92/28/114 90/30/1023 56/100/115
s 2
f 20/49/33 56/100/279 90/30/117
s 1
f 19/101/118 52/97/229 91/29/119
s 5
f 55/56/40 18/55/39 54/99/121
s 21
f 93/33/123 94/32/1024 58/102/124
s 23
f 59/103/126 94/32/1025 95/31/127
s 24
f 61/105/129 95/31/1026 93/33/130
s 6
f 57/62/46 23/61/45 62/106/132
s 2
f 22/107/134 58/102/284 94/32/135
s 3
f 21/108/8 60/104/243 95/31/137
s 23
f 96/36/139 8/35/1027 64/109/140
s 22
f 65/110/142 8/35/1028 7/34/143
s 25
f 7/34/145 96/36/1029 68/112/146
s 3
f 26/58/42 68/112/263 96/36/148
s 2
f 25/114/149 64/109/222 8/35/150
s 5
f 67/113/49 24/1012/48 66/111/152
s 24
f 6/39/154 5/38/1030 70/115/155
s 26
f 71/117/157 5/38/1031 4/37/158
s 17
f 73/119/160 4/37/1032 6/39/161
s 6
f 69/116/54 29/1013/17 74/120/163
s 3
f 28/121/165 70/115/251 5/38/166
s 4
f 27/11/11 72/118/250 4/37/168
s 26
f 3/42/170 2/41/1033 76/122/171
s 25
f 77/123/173 2/41/1034 1/40/174
s 19
f 1/40/175 3/42/1035 80/125/176
s 4
f 32/67/51 80/125/289 3/42/178
s 3
f 31/126/179 76/122/240 2/41/180
s 5
f 79/73/57 30/72/56 78/124/182
s 15
f 106/127/184 41/84/78 42/85/80
s 1
f 105/129/185 13/88/86 41/84/88
s 18
f 161/130/187 53/134/111 54/131/113
s 1
f 160/133/188 19/1014/118 53/134/120
s 20
f 119/135/190 47/92/95 48/93/97
s 1
f 120/137/191 16/96/103 47/92/105
s 16
f 136/138/193 35/141/64 36/139/66
s 1
f 137/3/3 10/2/2 35/141/72
s 22
f 195/142/195 65/110/142 66/111/144
s 2
f 196/144/197 25/114/149 65/110/151
s 23
f 115/145/199 59/103/126 60/104/128
s 2
f 116/147/200 22/107/134 59/103/136
s 21
f 186/148/202 49/94/98 50/95/100
s 2
f 187/6/6 15/5/5 49/94/107
s 25
f 146/150/205 77/154/173 78/151/173
s 3
f 147/153/206 31/1015/179 77/154/181
s 26
f 127/155/208 71/117/157 72/118/159
s 3
f 128/157/210 28/121/165 71/117/167
s 24
f 151/158/212 61/161/129 62/159/131
s 3
f 150/9/9 21/8/8 61/161/138
s 19
f 174/162/214 43/86/81 44/87/83
s 4
f 175/164/216 12/89/89 43/86/91
s 17
f 207/165/218 73/119/160 74/120/162
s 4
f 208/12/12 27/11/11 73/119/169
s 3
f 114/146/41 113/188/221 97/167/221
s 23
f 63/59/141 64/109/140 99/168/199
s 2
f 64/109/222 25/114/149 100/169/223
f 190/170/225 20/49/33 101/171/226
f 118/136/227 117/189/244 101/171/226
s 20
f 51/50/110 52/97/109 103/173/228
s 1
f 52/97/229 19/101/118 104/174/230
f 140/175/188 13/1016/86 105/176/185
f 122/178/232 121/191/246 105/129/185
s 15
f 123/43/184 122/178/184 106/127/184
s 4
f 42/85/233 12/89/89 108/179/234
f 211/180/236 32/67/51 109/181/237
f 126/156/238 125/193/249 109/181/237
s 26
f 75/68/172 76/122/171 111/183/239
s 3
f 76/122/240 31/126/179 112/184/241
f 167/185/206 26/1017/42 97/186/221
f 60/104/243 21/108/8 113/188/221
s 23
f 98/57/199 99/168/199 115/145/199
s 2
f 99/168/224 100/169/223 116/147/200
f 189/172/4 101/171/226 117/189/244
f 48/93/245 15/5/5 117/189/244
s 20
f 102/48/228 103/173/228 119/135/190
s 1
f 103/173/231 104/174/230 120/137/191
f 139/190/1 105/129/185 121/191/246
f 34/77/247 10/81/2 121/191/246
s 15
f 33/45/63 34/77/62 122/178/184
s 4
f 107/128/235 108/179/234 124/192/248
f 210/182/10 109/181/237 125/193/249
f 72/118/250 27/11/11 125/193/249
s 26
f 110/66/239 111/183/239 127/155/208
s 3
f 111/183/242 112/184/241 128/157/210
f 168/187/7 97/186/221 113/194/221
f 28/195/165 128/215/210 129/196/7
f 70/198/251 28/195/165 130/197/9
s 24
f 69/70/156 70/198/155 131/199/252
s 6
f 152/160/53 153/216/18 133/18/18
f 183/200/16 154/218/253 134/201/253
f 36/139/73 9/1018/59 134/201/253
s 16
f 155/51/255 156/203/255 136/138/193
s 1
f 156/203/194 157/204/3 137/3/3
f 157/204/3 158/205/1 138/1/1
f 158/205/1 159/221/1 139/190/1
f 159/206/1 160/133/188 140/175/188
f 40/207/256 13/1016/86 140/175/188
s 18
f 39/47/77 40/207/76 141/208/257
s 5
f 162/132/30 163/223/15 143/15/15
f 216/209/13 164/225/258 144/210/258
f 78/151/182 30/1019/56 144/210/258
s 25
f 165/63/205 166/212/205 146/150/205
s 3
f 166/212/207 167/185/206 147/153/206
f 112/213/241 31/1015/179 147/153/206
f 128/215/210 112/213/241 148/214/7
f 130/197/9 129/196/7 149/7/7
f 131/199/213 130/197/9 150/9/9
s 24
f 132/69/252 131/199/252 151/158/212
s 6
f 62/159/132 23/1020/45 153/216/18
f 184/217/260 17/52/36 154/218/253
f 135/140/254 134/201/253 154/218/253
s 16
f 45/53/94 46/219/93 156/203/255
s 1
f 46/219/261 16/220/103 157/204/3
f 16/220/103 120/137/191 158/205/1
f 120/137/191 104/174/230 159/221/1
f 104/222/230 19/1014/118 160/133/188
f 141/208/189 140/175/188 160/133/188
s 18
f 142/46/257 141/208/257 161/130/187
s 5
f 54/131/121 18/1021/39 163/223/15
f 193/224/262 24/64/48 164/225/258
f 145/152/259 144/210/258 164/225/258
s 25
f 67/65/147 68/226/146 166/212/205
s 3
f 68/226/263 26/1017/42 167/185/206
f 148/214/7 147/153/206 167/185/206
f 129/196/7 148/214/7 168/187/7
s 5
f 163/223/15 18/1021/39 169/227/264
f 143/15/15 163/223/15 170/228/13
f 215/211/13 214/252/291 172/229/265
f 44/87/84 14/1010/14 172/230/265
s 19
f 213/71/267 212/231/290 174/162/214
s 4
f 212/231/268 211/180/236 175/164/216
f 108/179/234 12/89/89 175/164/216
f 124/192/248 108/179/234 176/232/10
f 11/44/28 124/192/248 177/233/10
f 38/80/270 11/44/28 178/234/269
s 17
f 37/76/69 38/80/68 179/235/272
s 6
f 180/74/58 206/166/288 205/236/274
f 134/201/253 9/1018/59 181/238/275
f 182/202/16 204/16/16 203/239/16
f 203/239/16 202/249/287 184/217/260
f 50/95/101 17/1011/36 184/240/260
s 21
f 185/149/203 201/60/286 200/241/277
s 2
f 186/148/204 200/241/285 199/242/278
f 187/6/6 199/242/278 198/243/4
f 188/4/4 198/243/4 197/244/4
f 197/244/4 196/144/197 190/170/225
f 56/100/279 20/49/33 190/170/225
s 22
f 55/56/116 56/100/115 191/245/281
s 5
f 192/54/38 194/143/283 193/246/262
f 66/111/152 24/1012/48 193/246/262
s 22
f 194/143/196 192/54/282 191/245/281
s 2
f 195/142/198 191/245/280 190/170/225
f 100/169/223 25/114/149 196/144/197
f 116/147/200 100/169/223 197/244/4
f 22/107/134 116/147/200 198/243/4
f 58/102/284 22/107/134 199/242/278
s 21
f 57/62/125 58/102/124 200/241/277
s 6
f 185/149/276 184/240/260 202/248/287
f 153/216/18 23/1020/45 202/249/287
f 133/18/18 153/216/18 203/239/16
f 204/16/16 182/202/16 181/238/275
f 74/120/163 29/1013/17 205/236/274
s 17
f 180/74/273 179/235/272 207/165/218
s 4
f 179/235/271 178/234/269 208/12/12
f 178/234/269 177/233/10 209/10/10
f 177/233/10 176/232/10 210/182/10
f 176/232/10 175/164/216 211/180/236
f 80/125/289 32/67/51 211/180/236
s 19
f 79/73/177 80/125/176 212/231/290
s 5
f 173/163/266 172/230/265 214/251/291
f 144/210/258 30/1019/56 214/252/291
f 171/13/13 170/228/13 216/209/13
f 216/209/13 170/228/13 169/227/264
s 27
f 354/253/292 337/443/514 226/254/293
s 28
f 404/256/295 333/441/512 231/257/296
s 29
f 365/259/298 329/446/244 237/260/299
s 30
f 425/262/301 341/445/517 243/263/302
s 31
f 387/265/13 388/481/540 230/266/304
s 32
f 420/268/306 421/502/549 245/269/307
s 30
f 339/295/242 340/444/241 227/296/318
s 31
f 358/298/320 359/267/305 230/266/304
s 28
f 318/300/322 317/423/500 236/301/323
s 32
f 371/303/325 370/470/533 233/304/326
s 31
f 408/306/328 385/499/539 234/307/329
s 29
f 314/309/331 313/419/496 242/310/33
s 32
f 417/312/333 418/500/563 239/313/334
s 31
f 381/315/336 380/477/537 240/316/39
s 30
f 326/318/338 325/433/508 248/319/42
s 32
f 348/321/340 349/270/308 245/269/307
s 31
f 429/323/342 430/503/567 246/324/343
s 32
f 396/326/345 397/489/550 225/327/346
s 41
f 297/273/348 298/272/348 250/329/349
s 42
f 251/330/351 298/272/161 299/271/352
s 43
f 299/271/354 297/273/1036 254/332/355
s 30
f 227/296/318 254/332/545 297/273/357
s 27
f 226/333/293 250/329/515 298/272/358
s 32
f 253/328/347 225/327/346 252/331/360
s 44
f 300/276/362 301/275/1037 256/334/363
s 41
f 257/336/365 301/275/366 302/274/366
s 45
f 259/338/173 302/274/1038 300/276/368
s 31
f 255/335/321 230/1022/304 260/339/370
s 27
f 229/340/372 256/334/525 301/275/373
s 30
f 228/341/179 258/337/505 302/274/180
s 42
f 303/279/376 304/278/1039 262/342/69
s 46
f 263/344/378 304/278/1040 305/277/379
s 47
f 265/346/381 305/277/1041 303/279/382
s 32
f 261/343/327 233/1023/326 266/347/384
s 27
f 232/348/386 262/342/534 304/278/387
s 28
f 231/257/296 264/345/513 305/277/389
s 46
f 306/282/391 307/281/391 268/349/392
s 44
f 269/350/393 307/281/1042 308/280/394
s 48
f 308/280/396 306/282/1043 272/352/397
s 28
f 236/301/323 272/352/555 306/282/399
s 27
f 235/353/400 268/349/502 307/281/401
s 31
f 271/308/330 234/307/329 270/351/403
s 47
f 309/285/405 310/284/1044 274/354/406
s 49
f 310/284/408 311/283/1045 276/355/409
s 50
f 277/357/411 311/283/1046 309/285/412
s 32
f 273/314/335 239/313/334 278/358/414
s 28
f 238/359/416 274/354/560 310/284/417
s 29
f 237/360/299 276/355/511 311/283/419
s 49
f 279/311/420 312/288/1047 224/287/421
s 48
f 281/362/422 224/287/1048 223/286/423
s 51
f 223/286/425 312/288/1049 284/364/426
s 29
f 242/310/33 284/364/538 312/288/428
s 28
f 241/366/429 280/361/497 224/287/430
s 31
f 283/365/337 240/1024/39 282/363/432
s 50
f 222/291/434 221/290/1050 286/367/435
s 52
f 221/290/437 220/289/1051 288/369/438
s 43
f 289/371/439 220/289/1052 222/291/440
s 32
f 285/368/341 245/1025/307 290/372/442
s 29
f 244/373/444 286/367/519 221/290/445
s 30
f 243/263/302 288/369/518 220/289/447
s 52
f 291/320/449 219/294/1053 218/293/450
s 51
f 293/375/452 218/293/1054 217/292/453
s 45
f 217/292/455 219/294/1055 296/377/456
s 30
f 248/319/42 296/377/565 219/294/458
s 29
f 247/378/459 292/374/509 218/293/460
s 31
f 295/325/344 246/324/343 294/376/462
s 41
f 322/379/209 257/336/365 258/337/367
s 27
f 321/381/464 229/340/372 257/336/374
s 44
f 377/382/466 269/386/393 270/383/395
s 27
f 376/385/467 235/1026/400 269/386/402
s 46
f 335/387/469 263/344/378 264/345/380
s 27
f 336/389/470 232/348/386 263/344/388
s 42
f 352/390/472 251/393/351 252/391/353
s 27
f 353/255/294 226/254/293 251/393/359
s 48
f 411/394/474 281/362/422 282/363/424
s 28
f 412/396/476 241/366/429 281/362/431
s 49
f 331/397/478 275/356/410 276/355/409
s 28
f 332/399/230 238/359/416 275/356/418
s 47
f 402/400/479 265/346/381 266/347/383
s 28
f 403/258/297 231/257/296 265/346/390
s 51
f 362/402/482 293/406/452 294/403/454
s 29
f 363/405/483 247/1027/459 293/406/461
s 52
f 343/407/199 287/370/438 288/369/438
s 29
f 344/409/200 244/373/444 287/370/446
s 50
f 367/410/486 277/413/411 278/411/413
s 29
f 366/261/300 237/260/299 277/413/107
s 45
f 390/414/488 259/338/173 260/339/369
s 30
f 391/416/490 228/341/179 259/338/375
s 43
f 423/417/492 289/371/439 290/372/441
s 30
f 424/264/303 243/263/302 289/371/448
s 29
f 330/398/495 329/440/244 313/419/496
s 49
f 279/311/420 280/361/420 315/420/478
s 28
f 280/361/497 241/366/429 316/421/230
f 406/422/499 236/301/323 317/423/500
f 334/388/186 333/441/512 317/423/500
s 46
f 267/302/392 268/349/392 319/425/501
s 27
f 268/349/502 235/353/400 320/426/503
f 356/427/467 229/1028/372 321/428/464
f 338/430/465 337/443/514 321/381/464
s 41
f 339/295/504 338/430/516 322/379/209
s 30
f 258/337/505 228/341/179 324/431/210
f 427/432/507 248/319/42 325/433/508
f 342/408/338 341/445/517 325/433/508
s 52
f 291/320/449 292/374/451 327/435/199
s 29
f 292/374/509 247/378/459 328/436/223
f 383/437/483 242/1029/33 313/438/496
f 276/355/511 237/360/299 329/440/244
s 49
f 314/309/478 315/420/478 331/397/478
s 28
f 315/420/498 316/421/230 332/399/230
f 405/424/295 317/423/500 333/441/512
f 264/345/513 231/257/296 333/441/512
s 46
f 318/300/501 319/425/501 335/387/469
s 27
f 319/425/235 320/426/503 336/389/470
f 355/442/292 321/381/464 337/443/514
f 250/329/515 226/333/293 337/443/514
s 41
f 249/297/350 250/329/349 338/430/516
s 30
f 323/380/506 324/431/210 340/444/241
f 426/434/301 325/433/508 341/445/517
f 288/369/518 243/263/302 341/445/517
s 52
f 326/318/485 327/435/199 343/407/199
s 29
f 327/435/510 328/436/223 344/409/200
f 384/439/298 313/438/496 329/446/244
f 244/447/444 344/467/200 345/448/298
f 286/450/519 244/447/444 346/449/300
s 50
f 285/322/436 286/450/435 347/451/520
s 32
f 368/412/521 369/468/308 349/270/308
f 399/452/306 370/470/533 350/453/522
f 252/391/360 225/1030/346 350/453/522
s 42
f 371/303/524 372/455/524 352/390/472
s 27
f 372/455/473 373/456/294 353/255/294
f 373/456/294 374/457/292 354/253/292
f 374/457/292 375/473/292 355/442/292
f 375/458/292 376/385/467 356/427/467
f 256/459/525 229/1028/372 356/427/467
s 44
f 255/299/364 256/459/363 357/460/527
s 31
f 378/384/528 379/475/535 359/267/305
f 432/461/13 380/477/537 360/462/529
f 294/403/462 246/1031/343 360/462/529
s 51
f 381/315/531 382/464/482 362/402/482
s 29
f 382/464/484 383/437/483 363/405/483
f 328/465/223 247/1027/459 363/405/483
f 344/467/200 328/465/223 364/466/298
f 346/449/300 345/448/298 365/259/298
f 347/451/487 346/449/300 366/261/300
s 50
f 348/321/520 347/451/520 367/410/486
s 32
f 278/411/414 239/1032/334 369/468/308
f 400/469/532 233/304/326 370/470/533
f 351/392/523 350/453/522 370/470/533
s 42
f 261/305/377 262/471/69 372/455/524
s 27
f 262/471/534 232/472/386 373/456/294
f 232/472/386 336/389/470 374/457/292
f 336/389/470 320/426/503 375/473/292
f 320/474/503 235/1026/400 376/385/467
f 357/460/526 356/427/467 376/385/467
s 44
f 358/298/466 357/460/527 377/382/466
s 31
f 270/383/403 234/1033/329 379/475/535
f 409/476/536 240/316/39 380/477/537
f 361/404/530 360/462/529 380/477/537
s 51
f 283/317/427 284/478/426 382/464/482
s 29
f 284/478/538 242/1029/33 383/437/483
f 364/466/298 363/405/483 383/437/483
f 345/448/298 364/466/298 384/439/298
s 31
f 379/475/535 234/1033/329 385/479/539
f 359/267/305 379/475/535 386/480/13
f 431/463/13 430/504/567 388/481/540
f 260/339/370 230/1022/304 388/482/540
s 45
f 429/323/542 428/483/566 390/414/488
s 30
f 428/483/543 427/432/507 391/416/490
f 324/431/210 228/341/179 391/416/490
f 340/444/241 324/431/210 392/484/301
f 227/296/318 340/444/241 393/485/301
f 254/332/545 227/296/318 394/486/544
s 43
f 253/328/356 254/332/355 395/487/547
s 32
f 396/326/345 422/418/564 421/488/549
f 350/453/522 225/1030/346 397/490/550
f 420/268/306 419/491/306 399/452/306
f 419/491/306 418/501/563 400/469/532
f 266/347/384 233/1023/326 400/492/532
s 47
f 401/401/480 417/312/562 416/493/552
s 28
f 402/400/481 416/493/561 415/494/553
f 403/258/297 415/494/553 414/495/295
f 404/256/295 414/495/295 413/496/554
f 413/496/554 412/396/476 406/422/499
f 272/352/555 236/301/323 406/422/499
s 48
f 271/308/398 272/352/397 407/497/557
s 31
f 408/306/328 410/395/559 409/498/536
f 282/363/432 240/1024/39 409/498/536
s 48
f 410/395/475 408/306/558 407/497/557
s 28
f 411/394/477 407/497/556 406/422/499
f 316/421/230 241/366/429 412/396/476
f 332/399/230 316/421/230 413/496/554
f 238/359/416 332/399/230 414/495/295
f 274/354/560 238/359/416 415/494/553
s 47
f 273/314/407 274/354/406 416/493/552
s 32
f 401/401/551 400/492/532 418/500/563
f 369/468/308 239/1032/334 418/501/563
f 349/270/308 369/468/308 419/491/306
f 420/268/306 398/454/306 397/490/550
f 290/372/442 245/1025/307 421/488/549
s 43
f 396/326/548 395/487/547 423/417/492
s 30
f 395/487/546 394/486/544 424/264/303
f 394/486/544 393/485/301 425/262/301
f 393/485/301 392/484/301 426/434/301
f 392/484/301 391/416/490 427/432/507
f 296/377/565 248/319/42 427/432/507
s 45
f 295/325/457 296/377/456 428/483/566
s 31
f 389/415/541 388/482/540 430/503/567
f 360/462/529 246/1031/343 430/504/567
f 431/463/13 387/265/13 386/480/13
f 432/461/13 386/480/13 385/479/539
s 53
f 570/505/7 553/695/221 442/506/568
s 54
f 620/508/569 549/693/750 447/509/570
s 55
f 581/511/1 545/698/749 453/512/572
s 56
f 641/514/573 557/697/496 459/515/574
s 57
f 603/517/13 604/733/766 446/518/576
s 58
f 636/520/577 637/754/775 461/521/578
s 56
f 555/547/224 556/696/223 443/548/134
s 57
f 574/550/47 575/519/258 446/518/576
s 54
f 534/552/583 533/675/237 452/553/584
s 58
f 587/555/53 586/722/18 449/556/346
s 57
f 624/558/587 601/751/765 450/559/588
s 55
f 530/561/186 529/671/739 458/562/590
s 58
f 633/564/592 634/752/788 455/565/593
s 57
f 597/567/594 596/729/15 456/568/595
s 56
f 542/570/597 541/685/496 464/571/598
s 58
f 564/573/599 565/522/253 461/521/578
s 57
f 645/575/601 646/755/792 462/576/602
s 58
f 612/578/604 613/741/776 441/579/605
s 67
f 465/549/607 513/525/608 514/524/608
s 68
f 467/582/610 514/524/1056 515/523/611
s 69
f 515/523/613 513/525/1057 470/584/614
s 56
f 443/548/134 470/584/771 513/525/616
s 53
f 442/585/568 466/581/752 514/524/617
s 58
f 469/580/606 441/579/605 468/583/619
s 70
f 516/528/145 517/527/1058 472/586/621
s 67
f 473/588/623 517/527/624 518/526/624
s 71
f 475/590/626 518/526/453 516/528/627
s 57
f 471/587/49 446/1034/576 476/591/629
s 53
f 445/592/631 472/586/757 517/527/632
s 56
f 444/593/149 474/589/745 518/526/634
s 68
f 519/531/636 520/530/1059 478/594/155
s 72
f 520/530/638 521/529/1060 480/596/639
s 73
f 481/598/641 521/529/1061 519/531/642
s 58
f 477/595/586 449/1035/346 482/599/644
s 53
f 448/600/646 478/594/762 520/530/647
s 54
f 447/509/570 480/596/751 521/529/649
s 72
f 483/554/651 522/534/1062 523/533/652
s 70
f 485/602/654 523/533/1063 524/532/655
s 74
f 524/532/656 522/534/1064 488/604/657
s 54
f 452/553/584 488/604/780 522/534/659
s 53
f 451/605/660 484/601/743 523/533/661
s 57
f 487/560/589 450/559/588 486/603/663
s 73
f 525/537/665 526/536/1065 490/606/68
s 75
f 526/536/666 527/535/666 492/607/667
s 76
f 493/609/668 527/535/1066 525/537/669
s 58
f 489/566/60 455/565/593 494/610/670
s 54
f 454/611/672 490/606/785 526/536/673
s 55
f 453/612/572 492/607/748 527/535/675
s 75
f 528/540/676 440/539/1067 496/613/677
s 74
f 497/614/678 440/539/1068 439/538/679
s 77
f 439/538/680 528/540/1069 500/616/681
s 55
f 458/562/590 500/616/764 528/540/682
s 54
f 457/618/683 496/613/740 440/539/684
s 57
f 499/617/596 456/1036/595 498/615/686
s 76
f 438/543/688 437/542/1070 502/619/689
s 78
f 503/621/691 437/542/692 436/541/692
s 69
f 505/623/693 436/541/1020 438/543/694
s 58
f 501/620/600 461/1037/578 506/624/695
s 55
f 460/625/697 502/619/560 437/542/698
s 56
f 459/515/574 504/622/753 436/541/700
s 78
f 435/546/701 434/545/1071 508/626/702
s 77
f 509/627/704 434/545/1072 433/544/705
s 71
f 433/544/707 435/546/1073 512/629/708
s 56
f 464/571/598 512/629/790 435/546/709
s 55
f 463/630/710 508/626/747 434/545/711
s 57
f 511/577/603 462/576/602 510/628/712
s 67
f 538/631/714 473/588/623 474/589/625
s 53
f 537/633/221 445/592/631 473/588/633
s 70
f 593/634/715 485/638/654 486/635/369
s 53
f 592/637/206 451/1038/660 485/638/662
s 72
f 551/639/209 479/597/640 480/596/639
s 53
f 552/641/241 448/600/646 479/597/648
s 68
f 568/642/212 467/645/610 468/643/612
s 53
f 569/507/9 442/506/568 467/645/618
s 74
f 627/646/716 497/614/678 498/615/83
s 54
f 628/648/718 457/618/683 497/614/685
s 75
f 547/649/720 491/608/667 492/607/667
s 54
f 548/651/234 454/611/672 491/608/674
s 73
f 618/652/722 481/598/641 482/599/643
s 54
f 619/510/571 447/509/570 481/598/650
s 77
f 578/654/725 509/658/704 510/655/706
s 55
f 579/657/726 463/1039/710 509/658/431
s 78
f 559/659/228 503/621/691 504/622/691
s 55
f 560/661/728 460/625/697 503/621/699
s 76
f 583/662/730 493/665/668 494/663/383
s 55
f 582/513/3 453/512/572 493/665/390
s 71
f 606/666/731 475/590/626 476/591/628
s 56
f 607/668/733 444/593/149 475/590/635
s 69
f 639/669/735 505/623/693 506/624/100
s 56
f 640/516/575 459/515/574 505/623/107
s 55
f 546/650/738 545/692/749 529/671/739
s 75
f 495/563/677 496/613/677 531/672/469
s 54
f 496/613/740 457/618/683 532/673/234
f 622/674/741 452/553/584 533/675/237
f 550/640/465 549/693/750 533/675/237
s 72
f 483/554/651 484/601/653 535/677/742
s 53
f 484/601/743 451/605/660 536/678/210
f 572/679/206 445/1040/631 537/680/221
f 554/682/41 553/695/221 537/633/221
s 67
f 555/547/744 554/682/744 538/631/714
s 56
f 474/589/745 444/593/149 540/683/223
f 643/684/746 464/571/598 541/685/496
f 558/660/597 557/697/496 541/685/496
s 78
f 507/572/703 508/626/702 543/687/478
s 55
f 508/626/747 463/630/710 544/688/191
f 599/689/726 458/1041/590 529/690/739
f 492/607/748 453/612/572 545/692/749
s 75
f 530/561/469 531/672/469 547/649/720
s 54
f 531/672/471 532/673/234 548/651/234
f 621/676/569 533/675/237 549/693/750
f 480/596/751 447/509/570 549/693/750
s 72
f 534/552/742 535/677/742 551/639/209
s 53
f 535/677/506 536/678/210 552/641/241
f 571/694/7 537/633/221 553/695/221
f 466/581/752 442/585/568 553/695/221
s 67
f 465/549/607 466/581/609 554/682/744
s 56
f 539/632/201 540/683/223 556/696/223
f 642/686/573 541/685/496 557/697/496
f 504/622/753 459/515/574 557/697/496
s 78
f 542/570/478 543/687/478 559/659/228
s 55
f 543/687/192 544/688/191 560/661/728
f 600/691/1 529/690/739 545/698/749
f 460/699/697 560/719/728 561/700/1
f 502/702/560 460/699/697 562/701/3
s 76
f 501/574/690 502/702/689 563/703/754
s 58
f 584/664/755 585/720/253 565/522/253
f 615/704/577 586/722/18 566/705/18
f 468/643/619 441/1042/605 566/705/18
s 68
f 587/555/252 588/707/252 568/642/212
s 53
f 588/707/213 589/708/9 569/507/9
f 589/708/9 590/709/7 570/505/7
f 590/709/7 591/725/7 571/694/7
f 591/710/7 592/637/206 572/679/206
f 472/711/757 445/1040/631 572/679/206
s 70
f 471/551/622 472/711/621 573/712/758
s 57
f 594/636/47 595/727/258 575/519/258
f 648/713/13 596/729/15 576/714/15
f 510/655/712 462/1043/602 576/714/15
s 77
f 597/567/257 598/716/257 578/654/725
s 55
f 598/716/189 599/689/726 579/657/726
f 544/717/191 463/1039/710 579/657/726
f 560/719/728 544/717/191 580/718/1
f 562/701/3 561/700/1 581/511/1
f 563/703/194 562/701/3 582/513/3
s 76
f 564/573/754 563/703/754 583/662/730
s 58
f 494/663/670 455/1044/593 585/720/253
f 616/721/761 449/556/346 586/722/18
f 567/644/756 566/705/18 586/722/18
s 68
f 477/557/637 478/723/155 588/707/252
s 53
f 478/723/762 448/724/646 589/708/9
f 448/724/646 552/641/241 590/709/7
f 552/641/241 536/678/210 591/725/7
f 536/726/210 451/1038/660 592/637/206
f 573/712/207 572/679/206 592/637/206
s 70
f 574/550/759 573/712/758 593/634/715
s 57
f 486/635/663 450/1045/588 595/727/258
f 625/728/763 456/568/595 596/729/15
f 577/656/760 576/714/15 596/729/15
s 77
f 499/569/398 500/730/681 598/716/257
s 55
f 500/730/764 458/1041/590 599/689/726
f 580/718/1 579/657/726 599/689/726
f 561/700/1 580/718/1 600/691/1
s 57
f 595/727/258 450/1045/588 601/731/765
f 575/519/258 595/727/258 602/732/13
f 647/715/13 646/756/792 604/733/766
f 476/591/629 446/1034/576 604/734/766
s 71
f 645/575/768 644/735/791 606/666/731
s 56
f 644/735/769 643/684/746 607/668/733
f 540/683/223 444/593/149 607/668/733
f 556/696/223 540/683/223 608/736/573
f 443/548/134 556/696/223 609/737/573
f 470/584/771 443/548/134 610/738/770
s 69
f 469/580/615 470/584/614 611/739/773
s 58
f 612/578/604 638/670/789 637/740/775
f 566/705/18 441/1042/605 613/742/776
f 614/706/577 636/520/577 635/743/577
f 635/743/577 634/753/788 616/721/761
f 482/599/644 449/1035/346 616/744/761
s 73
f 617/653/723 633/564/787 632/745/778
s 54
f 618/652/724 632/745/786 631/746/779
f 619/510/571 631/746/779 630/747/569
f 620/508/569 630/747/569 629/748/569
f 629/748/569 628/648/718 622/674/741
f 488/604/780 452/553/584 622/674/741
s 74
f 487/560/658 488/604/657 623/749/782
s 57
f 624/558/587 626/647/784 625/750/763
f 498/615/686 456/1036/595 625/750/763
s 74
f 626/647/717 624/558/783 623/749/782
s 54
f 627/646/719 623/749/781 622/674/741
f 532/673/234 457/618/683 628/648/718
f 548/651/234 532/673/234 629/748/569
f 454/611/672 548/651/234 630/747/569
f 490/606/785 454/611/672 631/746/779
s 73
f 489/566/69 490/606/68 632/745/778
s 58
f 617/653/777 616/744/761 634/752/788
f 585/720/253 455/1044/593 634/753/788
f 565/522/253 585/720/253 635/743/577
f 636/520/577 614/706/577 613/742/776
f 506/624/695 461/1037/578 637/740/775
s 69
f 612/578/774 611/739/773 639/669/735
s 56
f 611/739/772 610/738/770 640/516/575
f 610/738/770 609/737/573 641/514/573
f 609/737/573 608/736/573 642/686/573
f 608/736/573 607/668/733 643/684/746
f 512/629/790 464/571/598 643/684/746
s 71
f 511/577/708 512/629/708 644/735/791
s 57
f 605/667/767 604/734/766 646/755/792
f 576/714/15 462/1043/602 646/756/792
f 603/517/13 602/732/13 648/713/13
f 648/713/13 602/732/13 601/731/765
s 79
f 786/757/298 769/947/244 658/758/574
s 80
f 836/760/793 765/945/221 663/761/568
s 81
f 797/763/292 761/950/249 669/764/795
s 82
f 857/766/797 773/949/246 675/767/798
s 83
f 819/769/13 820/985/987 662/770/800
s 84
f 852/772/802 853/1006/995 677/773/803
s 82
f 771/799/231 772/948/191 659/800/103
s 83
f 790/802/809 791/771/801 662/770/800
s 80
f 750/804/41 749/927/221 668/805/810
s 84
f 803/807/812 802/974/308 665/808/605
s 83
f 840/810/814 817/1003/986 666/811/815
s 81
f 746/813/50 745/923/249 674/814/817
s 84
f 849/816/819 850/1004/1007 671/817/17
s 83
f 813/819/821 812/981/979 672/820/822
s 82
f 758/822/823 757/937/185 680/823/824
s 84
f 780/825/325 781/774/533 677/773/803
s 83
f 861/827/827 862/1007/1010 678/828/828
s 84
f 828/830/830 829/993/996 657/831/831
s 93
f 681/801/833 729/777/834 730/776/834
s 94
f 683/834/835 730/776/1074 731/775/836
s 95
f 731/775/837 729/777/1075 686/836/690
s 82
f 659/800/103 686/836/991 729/777/839
s 79
f 658/837/574 682/833/973 730/776/106
s 84
f 685/832/832 657/831/831 684/835/840
s 96
f 732/780/114 733/779/1076 688/838/708
s 93
f 733/779/843 734/778/843 690/840/844
s 97
f 691/842/846 734/778/1077 732/780/847
s 83
f 687/839/603 662/1046/800 692/843/848
s 79
f 661/844/598 688/838/279 733/779/850
s 82
f 660/845/118 690/840/229 734/778/852
s 94
f 735/783/854 736/782/1078 694/846/615
s 98
f 736/782/608 737/781/1079 696/848/856
s 99
f 697/850/858 737/781/1080 735/783/859
s 84
f 693/847/813 665/1047/605 698/851/860
s 79
f 664/852/444 694/846/983 736/782/862
s 80
f 663/761/568 696/848/972 737/781/863
s 98
f 699/806/865 738/786/1081 739/785/866
s 96
f 701/854/868 739/785/1082 740/784/869
s 100
f 740/784/871 738/786/1083 704/856/872
s 80
f 668/805/810 704/856/565 738/786/874
s 79
f 667/857/459 700/853/965 739/785/875
s 83
f 703/812/816 666/811/815 702/855/877
s 99
f 741/789/879 742/788/1084 706/858/880
s 101
f 742/788/882 743/787/1085 708/859/883
s 102
f 709/861/885 743/787/1086 741/789/886
s 84
f 705/818/820 671/817/17 710/862/888
s 80
f 670/863/890 706/858/1004 742/788/891
s 81
f 669/864/795 708/859/971 743/787/893
s 101
f 711/815/651 744/792/1087 656/791/895
s 100
f 713/866/897 656/791/1088 655/790/898
s 103
f 655/790/175 744/792/1089 716/868/657
s 81
f 674/814/817 716/868/985 744/792/901
s 80
f 673/870/902 712/865/960 656/791/903
s 83
f 715/869/589 672/1048/822 714/867/370
s 102
f 654/795/906 653/794/1090 718/871/907
s 104
f 653/794/909 652/793/1091 720/873/910
s 95
f 721/875/912 652/793/1092 654/795/913
s 84
f 717/872/826 677/1049/803 722/876/915
s 81
f 676/877/917 718/871/975 653/794/918
s 82
f 675/767/798 720/873/974 652/793/920
s 104
f 651/798/922 650/797/1093 724/878/923
s 103
f 725/879/925 650/797/1094 649/796/926
s 97
f 649/796/928 651/798/1095 728/881/929
s 82
f 680/823/824 728/881/764 651/798/931
s 81
f 679/882/89 724/878/969 650/797/932
s 83
f 727/829/829 678/828/828 726/880/933
s 93
f 754/883/190 689/841/845 690/840/844
s 79
f 753/885/244 661/844/598 689/841/851
s 96
f 809/886/531 701/890/868 702/887/870
s 79
f 808/889/483 667/1050/459 701/890/876
s 98
f 767/891/937 695/849/857 696/848/856
s 79
f 768/893/223 664/852/444 695/849/136
s 94
f 784/894/938 683/897/835 684/895/100
s 79
f 785/759/300 658/758/574 683/897/107
s 100
f 843/898/940 713/866/897 714/867/899
s 80
f 844/900/942 673/870/902 713/866/904
s 101
f 763/901/504 707/860/884 708/859/883
s 80
f 764/903/210 670/863/890 707/860/892
s 99
f 834/904/944 697/850/858 698/851/441
s 80
f 835/762/794 663/761/568 697/850/864
s 103
f 794/906/466 725/910/925 726/907/927
s 81
f 795/909/948 679/1051/89 725/910/685
s 104
f 775/911/469 719/874/911 720/873/910
s 81
f 776/913/248 676/877/917 719/874/919
s 102
f 799/914/950 709/917/885 710/915/887
s 81
f 798/765/796 669/764/795 709/917/894
s 97
f 822/918/953 691/842/846 692/843/706
s 82
f 823/920/955 660/845/118 691/842/853
s 95
f 855/921/957 721/875/912 722/876/914
s 82
f 856/768/799 675/767/798 721/875/921
s 81
f 762/902/238 761/944/249 745/923/249
s 101
f 711/815/651 712/865/896 747/924/209
s 80
f 712/865/960 673/870/902 748/925/241
f 838/926/962 668/805/810 749/927/221
f 766/892/963 765/945/221 749/927/221
s 98
f 699/806/865 700/853/867 751/929/964
s 79
f 700/853/965 667/857/459 752/930/966
f 788/931/483 661/1052/598 753/932/244
f 770/934/495 769/947/244 753/885/244
s 93
f 771/799/190 770/934/190 754/883/190
s 82
f 690/840/229 660/845/118 756/935/230
f 859/936/967 680/823/824 757/937/185
f 774/912/232 773/949/246 757/937/185
s 104
f 723/824/924 724/878/923 759/939/968
s 81
f 724/878/969 679/882/89 760/940/234
f 815/941/948 674/1053/817 745/942/249
f 708/859/971 669/864/795 761/944/249
s 101
f 746/813/516 747/924/209 763/901/504
s 80
f 747/924/961 748/925/241 764/903/210
f 837/928/793 749/927/221 765/945/221
f 696/848/972 663/761/568 765/945/221
s 98
f 750/804/964 751/929/964 767/891/937
s 79
f 751/929/201 752/930/966 768/893/223
f 787/946/298 753/885/244 769/947/244
f 682/833/973 658/837/574 769/947/244
s 93
f 681/801/833 682/833/833 770/934/190
s 82
f 755/884/231 756/935/230 772/948/191
f 858/938/797 757/937/185 773/949/246
f 720/873/974 675/767/798 773/949/246
s 104
f 758/822/968 759/939/968 775/911/469
s 81
f 759/939/970 760/940/234 776/913/248
f 816/943/292 745/942/249 761/950/249
f 676/951/917 776/971/248 777/952/292
f 718/954/975 676/951/917 778/953/796
s 102
f 717/826/908 718/954/907 779/955/524
s 84
f 800/916/976 801/972/981 781/774/533
f 831/956/802 802/974/308 782/957/308
f 684/895/840 657/1054/831 782/957/308
s 94
f 803/807/520 804/959/938 784/894/938
s 79
f 804/959/939 805/960/300 785/759/300
f 805/960/300 806/961/298 786/757/298
f 806/961/298 807/977/298 787/946/298
f 807/962/298 808/889/483 788/931/483
f 688/963/279 661/1052/598 788/931/483
s 96
f 687/803/842 688/963/708 789/964/977
s 83
f 810/888/978 811/979/801 791/771/801
f 864/965/13 812/981/979 792/966/979
f 726/907/933 678/1055/828 792/966/979
s 103
f 813/819/466 814/968/466 794/906/466
s 81
f 814/968/949 815/941/948 795/909/948
f 760/969/234 679/1051/89 795/909/948
f 776/971/248 760/969/234 796/970/292
f 778/953/796 777/952/292 797/763/292
f 779/955/952 778/953/796 798/765/796
s 102
f 780/825/524 779/955/524 799/914/950
s 84
f 710/915/888 671/1056/17 801/972/981
f 832/973/982 665/808/605 802/974/308
f 783/896/812 782/957/308 802/974/308
s 94
f 693/809/855 694/975/615 804/959/938
s 79
f 694/975/983 664/976/444 805/960/300
f 664/976/444 768/893/223 806/961/298
f 768/893/223 752/930/966 807/977/298
f 752/978/966 667/1050/459 808/889/483
f 789/964/936 788/931/483 808/889/483
s 96
f 790/802/977 789/964/977 809/886/531
s 83
f 702/887/877 666/1057/815 811/979/801
f 841/980/984 672/820/822 812/981/979
f 793/908/980 792/966/979 812/981/979
s 103
f 715/821/900 716/982/657 814/968/466
s 81
f 716/982/985 674/1053/817 815/941/948
f 796/970/292 795/909/948 815/941/948
f 777/952/292 796/970/292 816/943/292
s 83
f 811/979/801 666/1057/815 817/983/986
f 791/771/801 811/979/801 818/984/13
f 863/967/13 862/1008/1010 820/985/987
f 692/843/848 662/1046/800 820/986/987
s 97
f 861/827/989 860/987/1009 822/918/953
s 82
f 860/987/990 859/936/967 823/920/955
f 756/935/230 660/845/118 823/920/955
f 772/948/191 756/935/230 824/988/797
f 659/800/103 772/948/191 825/989/797
f 686/836/991 659/800/103 826/990/799
s 95
f 685/832/838 686/836/690 827/991/993
s 84
f 828/830/830 854/922/1008 853/992/995
f 782/957/308 657/1054/831 829/994/996
f 830/958/802 852/772/802 851/995/802
f 851/995/802 850/1005/1007 832/973/982
f 698/851/860 665/1047/605 832/996/982
s 99
f 833/905/945 849/816/1006 848/997/998
s 80
f 834/904/946 848/997/1005 847/998/999
f 835/762/794 847/998/999 846/999/793
f 836/760/793 846/999/793 845/1000/793
f 845/1000/793 844/900/942 838/926/962
f 704/856/565 668/805/810 838/926/962
s 100
f 703/812/873 704/856/872 839/1001/1001
s 83
f 840/810/814 842/899/1003 841/1002/984
f 714/867/370 672/1048/822 841/1002/984
s 100
f 842/899/941 840/810/1002 839/1001/1001
s 80
f 843/898/943 839/1001/1000 838/926/962
f 748/925/241 673/870/902 844/900/942
f 764/903/210 748/925/241 845/1000/793
f 670/863/890 764/903/210 846/999/793
f 706/858/1004 670/863/890 847/998/999
s 99
f 705/818/881 706/858/880 848/997/998
s 84
f 833/905/997 832/996/982 850/1004/1007
f 801/972/981 671/1056/17 850/1005/1007
f 781/774/533 801/972/981 851/995/802
f 852/772/802 830/958/802 829/994/996
f 722/876/915 677/1049/803 853/992/995
s 95
f 828/830/994 827/991/993 855/921/957
s 82
f 827/991/992 826/990/799 856/768/799
f 826/990/799 825/989/797 857/766/797
f 825/989/797 824/988/797 858/938/797
f 824/988/797 823/920/955 859/936/967
f 728/881/764 680/823/824 859/936/967
s 97
f 727/829/930 728/881/929 860/987/1009
s 83
f 821/919/988 820/986/987 862/1007/1010
f 792/966/979 678/1055/828 862/1008/1010
f 819/769/13 818/984/13 864/965/13
f 864/965/13 818/984/13 817/983/986
s 0
f 865/1009/1096 866/1009/1096 868/1009/1096
l 217 865
l 646 866
l 79 867
l 861 868
g painting_Mesh
v 0.835769 -0.952248 -0.000546
v 0.835769 -0.952549 -0.001903
v 0.836070 -0.952248 -0.001903
v 0.836070 -0.952248 -0.031959
v 0.835769 -0.952549 -0.031959
v 0.835769 -0.952248 -0.033315
v -0.836295 -0.952248 -0.000546
v -0.836596 -0.952248 -0.001903
v 0.835486 0.952049 -0.033861
v 0.835486 0.952755 -0.030681
v 0.836191 0.952049 -0.030681
v 0.836191 0.952049 -0.003181
v 0.835486 0.952755 -0.003181
v 0.835486 0.952049 -0.000000
v -0.836717 0.952049 -0.030681
v -0.836011 0.952755 -0.030681
v -0.836011 0.952049 -0.033861
v -0.836011 0.952049 0.000000
v -0.836011 0.952755 -0.003181
v -0.836717 0.952049 -0.003181
v -0.836011 -0.952670 -0.030681
v -0.836717 -0.951964 -0.030681
v -0.836011 -0.951964 -0.033861
v -0.836011 -0.951964 0.000000
v -0.836717 -0.951964 -0.003181
v -0.836011 -0.952670 -0.003181
v 0.836191 -0.951964 -0.030681
v 0.835486 -0.952670 -0.030681
v 0.835486 -0.951964 -0.033861
v 0.835486 -0.951964 -0.000000
v 0.835486 -0.952670 -0.003181
v 0.836191 -0.951964 -0.003181
v 0.836101 0.952394 -0.030681
v 0.835831 0.952665 -0.030681
v 0.835486 0.952665 -0.032236
v 0.835486 0.952394 -0.033455
v 0.835831 0.952049 -0.033455
v 0.836101 0.952049 -0.032236
v 0.835486 0.952394 -0.000406
v 0.835486 0.952665 -0.001625
v 0.835831 0.952665 -0.003181
v 0.836101 0.952394 -0.003181
v 0.836101 0.952049 -0.001625
v 0.835831 0.952049 -0.000406
v -0.836011 0.952394 -0.033455
v -0.836011 0.952665 -0.032236
v -0.836356 0.952665 -0.030681
v -0.836627 0.952394 -0.030681
v -0.836627 0.952049 -0.032236
v -0.836356 0.952049 -0.033455
v -0.836627 0.952394 -0.003181
v -0.836356 0.952665 -0.003181
v -0.836011 0.952665 -0.001625
v -0.836011 0.952394 -0.000406
v -0.836356 0.952049 -0.000406
v -0.836627 0.952049 -0.001625
v -0.836356 -0.951964 -0.033455
v -0.836627 -0.951964 -0.032236
v -0.836627 -0.952309 -0.030681
v -0.836356 -0.952580 -0.030681
v -0.836011 -0.952580 -0.032236
v -0.836011 -0.952309 -0.033455
v -0.836356 -0.952580 -0.003181
v -0.836627 -0.952309 -0.003181
v -0.836627 -0.951964 -0.001625
v -0.836356 -0.951964 -0.000406
v -0.836011 -0.952309 -0.000406
v -0.836011 -0.952580 -0.001625
v 0.835486 -0.952309 -0.033455
v 0.835486 -0.952580 -0.032236
v 0.835831 -0.952580 -0.030681
v 0.836101 -0.952309 -0.030681
v 0.836101 -0.951964 -0.032236
v 0.835831 -0.951964 -0.033455
v 0.836101 -0.952309 -0.003181
v 0.835831 -0.952580 -0.003181
v 0.835486 -0.952580 -0.001625
v 0.835486 -0.952309 -0.000406
v 0.835831 -0.951964 -0.000406
v 0.836101 -0.951964 -0.001625
v 0.836070 0.952333 -0.031959
v 0.835769 0.952634 -0.031959
v 0.835769 0.952333 -0.033315
v 0.835769 0.952333 -0.000546
v 0.835769 0.952634 -0.001903
v 0.836070 0.952333 -0.001903
v -0.836295 0.952333 -0.033315
v -0.836295 0.952634 -0.031959
v -0.836596 0.952333 -0.031959
v -0.836596 0.952333 -0.001903
v -0.836295 0.952634 -0.001903
v -0.836295 0.952333 -0.000546
v -0.836295 -0.952248 -0.033315
v -0.836596 -0.952248 -0.031959
v -0.836295 -0.952549 -0.031959
v -0.836295 -0.952549 -0.001903
v -0.836011 -0.952670 -0.005246
v -0.836356 -0.952580 -0.005246
v -0.836627 -0.952309 -0.005246
v -0.836717 -0.951964 -0.005246
v -0.836717 0.952049 -0.005246
v -0.836627 0.952394 -0.005246
v -0.836356 0.952665 -0.005246
v -0.836011 0.952755 -0.005246
v 0.835486 0.952755 -0.005246
v 0.835831 0.952665 -0.005246
v 0.836101 0.952394 -0.005246
v 0.836191 0.952049 -0.005246
v 0.836191 -0.951964 -0.005246
v 0.836101 -0.952309 -0.005246
v 0.835831 -0.952580 -0.005246
v 0.835486 -0.952670 -0.005246
v -0.836011 -0.952670 -0.028342
v -0.836356 -0.952580 -0.028342
v -0.836627 -0.952309 -0.028342
v -0.836717 -0.951964 -0.028342
v -0.836717 0.952049 -0.028342
v -0.836627 0.952394 -0.028342
v -0.836356 0.952665 -0.028342
v -0.836011 0.952755 -0.028342
v 0.835486 0.952755 -0.028342
v 0.835831 0.952665 -0.028342
v 0.836101 0.952394 -0.028342
v 0.836191 0.952049 -0.028342
v 0.836191 -0.951964 -0.028342
v 0.836101 -0.952309 -0.028342
v 0.835831 -0.952580 -0.028342
v 0.835486 -0.952670 -0.028342
v 0.834948 -0.952670 -0.028342
v 0.834948 -0.952670 -0.030681
v 0.834948 -0.952580 -0.032236
v 0.834948 -0.952309 -0.033455
v 0.834948 -0.951964 -0.033861
v 0.834948 0.952049 -0.033861
v 0.834948 0.952394 -0.033455
v 0.834948 0.952665 -0.032236
v 0.834948 0.952755 -0.030681
v 0.834948 0.952755 -0.028342
v 0.834948 0.952755 -0.005246
v 0.834948 0.952755 -0.003181
v 0.834948 0.952665 -0.001625
v 0.834948 0.952394 -0.000406
v 0.834948 0.952049 -0.000000
v 0.834948 -0.951964 -0.000000
v 0.834948 -0.952309 -0.000406
v 0.834948 -0.952580 -0.001625
v 0.834948 -0.952670 -0.003181
v 0.834948 -0.952670 -0.005246
v -0.834948 -0.952670 -0.028342
v -0.834948 -0.952670 -0.030681
v -0.834948 -0.952580 -0.032236
v -0.834948 -0.952309 -0.033455
v -0.834948 -0.951964 -0.033861
v -0.834948 0.952049 -0.033861
v -0.834948 0.952394 -0.033455
v -0.834948 0.952665 -0.032236
v -0.834948 0.952755 -0.030681
v -0.834948 0.952755 -0.028342
v -0.834948 0.952755 -0.005246
v -0.834948 0.952755 -0.003181
v -0.834948 0.952665 -0.001625
v -0.834948 0.952394 -0.000406
v -0.834948 0.952049 0.000000
v -0.834948 -0.951964 0.000000
v -0.834948 -0.952309 -0.000406
v -0.834948 -0.952580 -0.001625
v -0.834948 -0.952670 -0.003181
v -0.834948 -0.952670 -0.005246
v -0.836011 0.951674 0.000000
v -0.834948 0.951674 0.000000
v 0.834948 0.951674 -0.000000
v 0.835486 0.951674 -0.000000
v 0.835831 0.951674 -0.000406
v 0.836101 0.951674 -0.001625
v 0.836191 0.951674 -0.003181
v 0.836191 0.951674 -0.005246
v 0.836191 0.951674 -0.028342
v 0.836191 0.951674 -0.030681
v 0.836101 0.951674 -0.032236
v 0.835831 0.951674 -0.033455
v 0.835486 0.951674 -0.033861
v 0.834948 0.951674 -0.033861
v -0.834948 0.951674 -0.033861
v -0.836011 0.951674 -0.033861
v -0.836356 0.951674 -0.033455
v -0.836627 0.951674 -0.032236
v -0.836717 0.951674 -0.030681
v -0.836717 0.951674 -0.028342
v -0.836717 0.951674 -0.005246
v -0.836717 0.951674 -0.003181
v -0.836627 0.951674 -0.001625
v -0.836356 0.951674 -0.000406
v -0.836011 -0.951674 0.000000
v -0.836356 -0.951674 -0.000406
v -0.836627 -0.951674 -0.001625
v -0.836717 -0.951674 -0.003181
v -0.836717 -0.951674 -0.005246
v -0.836717 -0.951674 -0.028342
v -0.836717 -0.951674 -0.030681
v -0.836627 -0.951674 -0.032236
v -0.836356 -0.951674 -0.033455
v -0.836011 -0.951674 -0.033861
v -0.834948 -0.951674 -0.033861
v 0.834948 -0.951674 -0.033861
v 0.835486 -0.951674 -0.033861
v 0.835831 -0.951674 -0.033455
v 0.836101 -0.951674 -0.032236
v 0.836191 -0.951674 -0.030681
v 0.836191 -0.951674 -0.028342
v 0.836191 -0.951674 -0.005246
v 0.836191 -0.951674 -0.003181
v 0.836101 -0.951674 -0.001625
v 0.835831 -0.951674 -0.000406
v 0.835486 -0.951674 -0.000000
v 0.834948 -0.951674 -0.000000
v -0.834948 -0.951674 0.000000
vn -0.0000 1.0000 -0.0000
vn 0.1238 0.9920 -0.0243
vn -0.0000 0.9996 -0.0289
vn -1.0000 -0.0000 -0.0000
vn -0.9920 0.1241 -0.0244
vn -0.9996 -0.0000 -0.0289
vn -0.0000 -1.0000 -0.0000
vn -0.1241 -0.9920 -0.0243
vn -0.0000 -0.9996 -0.0289
vn 1.0000 -0.0000 -0.0000
vn 0.9920 -0.1239 -0.0243
vn 0.9996 -0.0000 -0.0289
vn -0.0000 -0.0000 1.0000
vn 0.3970 0.3967 0.8276
vn -0.0000 0.4198 0.9076
vn -0.0000 -0.0000 -1.0000
vn 0.3970 -0.3967 -0.8276
vn -0.0000 -0.4198 -0.9076
vn 0.6986 0.6986 -0.1550
vn 0.6984 0.6987 0.1549
vn -0.6986 0.6986 -0.1550
vn -0.6986 0.6985 0.1549
vn -0.6986 -0.6985 -0.1551
vn -0.6986 -0.6985 0.1550
vn 0.6986 -0.6985 -0.1551
vn 0.6984 -0.6987 0.1550
vn 0.9676 0.2527 -0.0000
vn 0.9920 0.1238 -0.0242
vn 0.9675 0.2524 -0.0175
vn -0.0000 0.7620 0.6475
vn 0.2925 0.6914 0.6607
vn -0.9676 0.2524 -0.0000
vn -0.9920 0.1237 0.0242
vn -0.9674 0.2526 0.0177
vn -0.0000 0.7621 -0.6475
vn -0.3968 0.3965 -0.8279
vn -0.2926 0.6913 -0.6606
vn -0.7621 -0.0000 0.6475
vn -0.3966 0.3969 0.8278
vn -0.6914 0.2925 0.6606
vn -0.2527 -0.9675 -0.0000
vn -0.1238 -0.9920 0.0242
vn -0.2524 -0.9675 0.0175
vn -0.7620 -0.0000 -0.6475
vn -0.3965 -0.3968 -0.8278
vn -0.6913 -0.2926 -0.6606
vn -0.0000 -0.7623 0.6472
vn -0.3967 -0.3965 0.8279
vn -0.2926 -0.6913 0.6607
vn 0.9676 -0.2524 -0.0000
vn 0.9920 -0.1238 0.0242
vn 0.9674 -0.2525 0.0175
vn -0.0000 -0.7620 -0.6475
vn 0.2926 -0.6913 -0.6607
vn 0.7620 -0.0000 0.6475
vn 0.3965 -0.3968 0.8279
vn 0.6914 -0.2927 0.6605
vn 0.7621 -0.0000 -0.6475
vn 0.3965 0.3968 -0.8279
vn 0.6915 0.2927 -0.6605
vn 0.7058 0.7065 -0.0514
vn 0.7071 0.7066 -0.0256
vn 0.7072 0.7065 -0.0255
vn 0.1543 0.9646 -0.2139
vn 0.3034 0.9302 -0.2066
vn 0.1533 0.9647 -0.2141
vn 0.9298 0.3048 -0.2061
vn 0.9647 0.1537 -0.2140
vn 0.9647 0.1540 -0.2138
vn 0.9832 0.1743 -0.0547
vn 0.1739 0.9832 -0.0546
vn 0.0892 0.9944 -0.0560
vn 0.2925 0.6914 -0.6606
vn 0.4706 0.4706 -0.7464
vn 0.3031 0.9303 0.2064
vn 0.1545 0.9645 0.2142
vn 0.1531 0.9647 0.2141
vn 0.7071 0.7067 0.0256
vn 0.7060 0.7064 0.0514
vn 0.7073 0.7065 0.0255
vn 0.9646 0.1538 0.2141
vn 0.9301 0.3042 0.2060
vn 0.9647 0.1538 0.2139
vn 0.6914 0.2927 0.6605
vn 0.4707 0.4707 0.7463
vn 0.1238 0.9920 0.0243
vn 0.1743 0.9832 0.0548
vn 0.2524 0.9675 0.0176
vn 0.9920 0.1238 0.0242
vn 0.9833 0.1738 0.0545
vn 0.9944 0.0892 0.0560
vn -0.3034 0.9302 -0.2065
vn -0.1543 0.9645 -0.2142
vn -0.1534 0.9647 -0.2141
vn -0.7066 0.7071 -0.0258
vn -0.7062 0.7062 -0.0509
vn -0.7065 0.7073 -0.0259
vn -0.9646 0.1542 -0.2139
vn -0.9303 0.3032 -0.2065
vn -0.9647 0.1533 -0.2141
vn -0.6913 0.2926 -0.6607
vn -0.4700 0.4698 -0.7472
vn -0.1243 0.9920 -0.0242
vn -0.1740 0.9832 -0.0548
vn -0.2526 0.9674 -0.0177
vn -0.9833 0.1738 -0.0546
vn -0.9945 0.0891 -0.0560
vn -0.7064 0.7060 0.0512
vn -0.7066 0.7071 0.0258
vn -0.1544 0.9646 0.2139
vn -0.3031 0.9303 0.2065
vn -0.1533 0.9647 0.2141
vn -0.9304 0.3028 0.2066
vn -0.9645 0.1546 0.2142
vn -0.9648 0.1529 0.2141
vn -0.9834 0.1733 0.0545
vn -0.1238 0.9920 0.0242
vn -0.1741 0.9832 0.0548
vn -0.0893 0.9944 0.0560
vn -0.2923 0.6914 0.6606
vn -0.4699 0.4702 0.7471
vn -0.9301 -0.3037 -0.2066
vn -0.9645 -0.1543 -0.2143
vn -0.9647 -0.1532 -0.2141
vn -0.7061 -0.7063 -0.0511
vn -0.7067 -0.7070 -0.0256
vn -0.7065 -0.7073 -0.0258
vn -0.1543 -0.9646 -0.2139
vn -0.3034 -0.9302 -0.2064
vn -0.1534 -0.9647 -0.2141
vn -0.2924 -0.6914 -0.6606
vn -0.4702 -0.4700 -0.7470
vn -0.9920 -0.1238 -0.0243
vn -0.9832 -0.1740 -0.0546
vn -0.9675 -0.2524 -0.0175
vn -0.1734 -0.9833 -0.0545
vn -0.0892 -0.9944 -0.0560
vn -0.7061 -0.7063 0.0508
vn -0.7067 -0.7071 0.0259
vn -0.7069 -0.7069 0.0256
vn -0.9646 -0.1545 0.2139
vn -0.9303 -0.3030 0.2067
vn -0.9648 -0.1528 0.2141
vn -0.3030 -0.9303 0.2064
vn -0.1545 -0.9645 0.2142
vn -0.1532 -0.9647 0.2140
vn -0.1740 -0.9832 0.0546
vn -0.9920 -0.1237 0.0246
vn -0.9833 -0.1739 0.0546
vn -0.9945 -0.0890 0.0560
vn -0.6913 -0.2927 0.6606
vn -0.4701 -0.4698 0.7472
vn 0.3035 -0.9302 -0.2065
vn 0.1543 -0.9645 -0.2143
vn 0.1534 -0.9647 -0.2140
vn 0.7071 -0.7067 -0.0256
vn 0.7058 -0.7065 -0.0514
vn 0.7072 -0.7065 -0.0256
vn 0.9646 -0.1538 -0.2140
vn 0.9298 -0.3048 -0.2062
vn 0.9646 -0.1540 -0.2139
vn 0.6914 -0.2928 -0.6605
vn 0.4707 -0.4707 -0.7463
vn 0.1238 -0.9920 -0.0243
vn 0.1737 -0.9833 -0.0548
vn 0.2525 -0.9674 -0.0180
vn 0.9833 -0.1738 -0.0545
vn 0.9944 -0.0892 -0.0560
vn 0.7058 -0.7065 0.0512
vn 0.7070 -0.7067 0.0253
vn 0.7072 -0.7066 0.0253
vn 0.1544 -0.9646 0.2140
vn 0.3029 -0.9304 0.2065
vn 0.1532 -0.9648 0.2140
vn 0.9301 -0.3038 0.2063
vn 0.9647 -0.1537 0.2138
vn 0.9647 -0.1536 0.2140
vn 0.9833 -0.1738 0.0545
vn 0.1238 -0.9920 0.0243
vn 0.1741 -0.9832 0.0545
vn 0.0893 -0.9944 0.0559
vn 0.2925 -0.6914 0.6606
vn 0.4708 -0.4709 0.7461
vn 0.7072 0.7070 -0.0000
vn 0.7073 0.7070 -0.0000
vn 0.1272 0.9919 -0.0000
vn 0.2529 0.9675 -0.0000
vn -0.0000 0.9763 0.2165
vn -0.0000 0.9996 0.0289
vn -0.0000 0.9983 0.0577
vn -0.7069 0.7073 -0.0000
vn -0.1272 0.9919 -0.0000
vn -0.2529 0.9675 -0.0000
vn -0.0000 0.9763 -0.2165
vn -0.0000 0.9983 -0.0578
vn -0.9762 -0.0000 0.2167
vn -0.9996 -0.0000 0.0289
vn -0.9983 -0.0000 0.0577
vn -0.7072 -0.7070 -0.0000
vn -0.9919 -0.1272 -0.0000
vn -0.9676 -0.2524 -0.0000
vn -0.9763 -0.0000 -0.2165
vn -0.9983 -0.0000 -0.0578
vn -0.0000 -0.9763 0.2166
vn -0.0000 -0.9763 0.2165
vn -0.0000 -0.9996 0.0289
vn -0.0000 -0.9983 0.0577
vn 0.7072 -0.7070 -0.0000
vn 0.1272 -0.9919 -0.0000
vn 0.2529 -0.9675 -0.0000
vn -0.0000 -0.9762 -0.2167
vn -0.0000 -0.9983 -0.0578
vn 0.9763 -0.0000 0.2163
vn 0.9996 -0.0000 0.0289
vn 0.9983 -0.0000 0.0578
vn 0.9763 -0.0000 -0.2162
vn 0.9763 -0.0000 -0.2163
vn 0.9983 -0.0000 -0.0578
vn -0.2529 -0.9675 -0.0000
vn -0.1272 -0.9919 -0.0000
vn -0.7069 -0.7073 -0.0000
vn -0.9674 -0.2526 0.0178
vn -0.9919 0.1272 -0.0000
vn -0.7071 0.7071 -0.0000
vn -0.2525 0.9674 0.0178
vn -0.1273 0.9919 -0.0000
vn -0.2528 0.9675 -0.0000
vn 0.9674 0.2525 0.0180
vn 0.9919 0.1273 -0.0000
vn 0.9676 0.2525 -0.0000
vn 0.9919 -0.1272 -0.0000
vn 0.7073 -0.7070 -0.0000
vn 0.2522 -0.9675 0.0179
vn -0.2527 -0.9674 -0.0178
vn -0.9674 0.2527 -0.0176
vn 0.2524 0.9675 -0.0176
vn 0.9919 0.1274 -0.0000
vn 0.9919 -0.1273 -0.0000
vn 0.9674 -0.2524 -0.0181
vn 0.0893 -0.9944 -0.0559
vn -0.0000 -0.9983 -0.0577
vn -0.0000 -0.9763 -0.2165
vn -0.0000 -0.9763 -0.2164
vn -0.0000 -0.7621 -0.6475
vn -0.0000 0.4198 -0.9076
vn -0.0000 0.7620 -0.6476
vn 0.0893 0.9944 0.0560
vn -0.0000 0.9983 0.0578
vn -0.0000 0.7623 0.6473
vn -0.0000 -0.4199 0.9076
vn -0.0000 -0.7621 0.6475
vn -0.4198 -0.0000 -0.9076
vn -0.0892 0.9944 -0.0560
vn -0.4198 -0.0000 0.9076
vn -0.0000 -0.4198 0.9076
vn -0.0893 -0.9944 0.0560
vn 0.4198 -0.0000 0.9076
vn 0.9983 -0.0000 0.0577
vn 0.9944 0.0892 -0.0560
vn 0.7620 -0.0000 -0.6475
vn 0.4198 -0.0000 -0.9076
vn -0.9945 0.0891 0.0560
vn -0.9983 -0.0000 0.0578
vn -0.9763 -0.0000 0.2166
vn -0.7620 -0.0000 0.6475
vn -0.9945 -0.0891 -0.0560
vn -0.9763 -0.0000 -0.2166
vn 0.9944 -0.0892 0.0560
vn 0.9763 -0.0000 0.2162
vn 0.7056 0.7068 -0.0515
vn 0.3043 0.9300 -0.2062
vn 0.9301 0.3034 -0.2068
vn 0.3048 0.9299 0.2060
vn 0.7057 0.7066 0.0515
vn 0.9302 0.3035 0.2064
vn -0.3043 0.9300 -0.2061
vn -0.7062 0.7061 -0.0509
vn -0.9301 0.3039 -0.2063
vn -0.7064 0.7059 0.0512
vn -0.3046 0.9299 0.2061
vn -0.9298 0.3050 0.2062
vn -0.9299 -0.3046 -0.2062
vn -0.3043 -0.9300 -0.2062
vn -0.7060 -0.7064 0.0508
vn -0.9298 -0.3051 0.2061
vn -0.3046 -0.9299 0.2062
vn 0.3044 -0.9299 -0.2063
vn 0.7056 -0.7067 -0.0515
vn 0.9302 -0.3035 -0.2066
vn 0.7056 -0.7067 0.0513
vn 0.3045 -0.9299 0.2064
vn 0.9302 -0.3033 0.2066
vt 0.000001 1.003226
vt -0.000321 1.001979
vt 0.000001 1.001979
vt 1.003981 1.000001
vt 1.002596 1.000189
vt 1.002600 0.999992
vt 0.999999 -0.003181
vt 1.000636 -0.001934
vt 0.999999 -0.001934
vt -0.003670 -0.000002
vt -0.002286 -0.000146
vt -0.002289 0.000007
vt 1.183452 0.013671
vt 1.183228 0.013514
vt 1.183452 0.013514
vt 0.000000 0.000000
vt -0.000322 -0.000154
vt 0.000000 -0.000154
vt -0.000721 1.000339
vt -0.001504 1.000549
vt -0.001530 1.000330
vt -0.034141 1.000325
vt -0.034166 1.000544
vt -0.034950 1.000333
vt 1.001841 1.000329
vt 1.001815 1.000548
vt 1.001032 1.000337
vt 1.035261 1.000338
vt 1.034477 1.000548
vt 1.034452 1.000329
vt 1.001813 -0.000505
vt 1.001839 -0.000286
vt 1.001029 -0.000294
vt 1.035264 -0.000294
vt 1.034453 -0.000287
vt 1.034479 -0.000505
vt -0.001529 -0.000286
vt -0.001503 -0.000504
vt -0.000718 -0.000293
vt -0.034954 -0.000291
vt -0.034169 -0.000502
vt -0.034143 -0.000283
vt -0.003669 1.000388
vt -0.002285 1.000190
vt -0.002279 1.000378
vt 1.183452 0.013290
vt 1.183228 0.013290
vt 1.032475 1.000384
vt 1.033697 1.000189
vt 1.033702 1.000377
vt 1.000000 1.000483
vt 1.000637 1.000199
vt 1.000637 1.000483
vt 1.035351 0.999993
vt 1.035647 1.000216
vt 1.035338 1.000187
vt 1.032477 -0.000544
vt 1.033725 -0.000725
vt 1.033713 -0.000536
vt 1.000942 0.000007
vt 1.000643 -0.000169
vt 1.000951 -0.000143
vt 1.882275 0.810532
vt 1.882720 0.810309
vt 1.882720 0.810532
vt -0.032166 -0.000339
vt -0.033386 -0.000143
vt -0.033393 -0.000331
vt 0.000000 -0.000438
vt -0.000322 -0.000438
vt -0.035040 0.000010
vt -0.035339 -0.000166
vt -0.035031 -0.000140
vt -0.000631 0.999994
vt -0.000335 1.000217
vt -0.000644 1.000188
vt -0.002270 1.000580
vt -0.001310 1.000671
vt -0.000578 1.000450
vt -0.001371 1.000180
vt -0.002258 1.000768
vt -0.034361 1.000666
vt -0.035093 1.000445
vt -0.033401 1.000573
vt -0.033391 1.000373
vt -0.034300 1.000175
vt -0.035028 1.000183
vt -0.033413 1.000761
vt -0.033385 1.000185
vt 1.001620 1.000670
vt 1.000889 1.000449
vt 1.002580 1.000579
vt 1.002590 1.000377
vt 1.001682 1.000178
vt 1.000954 1.000187
vt 1.002568 1.000766
vt 1.033712 1.000578
vt 1.034671 1.000671
vt 1.035404 1.000449
vt 1.034611 1.000179
vt 1.033724 1.000766
vt 1.001680 -0.000136
vt 1.002579 -0.000535
vt 1.002589 -0.000334
vt 1.001618 -0.000628
vt 1.000885 -0.000405
vt 1.002596 -0.000146
vt 1.002567 -0.000723
vt 1.033703 -0.000335
vt 1.034612 -0.000136
vt 1.035342 -0.000144
vt 1.034674 -0.000627
vt 1.035408 -0.000405
vt 1.033697 -0.000147
vt -0.001308 -0.000626
vt -0.000575 -0.000404
vt -0.002269 -0.000535
vt -0.002280 -0.000333
vt -0.001370 -0.000135
vt -0.000640 -0.000143
vt -0.002257 -0.000723
vt -0.033403 -0.000532
vt -0.034364 -0.000624
vt -0.035098 -0.000401
vt -0.034302 -0.000133
vt -0.033415 -0.000720
vt -0.032164 1.000580
vt -0.032164 1.000379
vt -0.032165 1.000767
vt 1.882275 0.012767
vt 1.882720 0.013290
vt 1.882275 0.013290
vt 1.882275 0.012115
vt 1.882720 0.012767
vt 1.003979 1.000587
vt 1.003979 1.000386
vt 1.003978 1.000774
vt 0.000001 1.001149
vt -0.000321 1.000484
vt 0.000001 1.000484
vt -0.000321 1.001149
vt 1.034613 0.000012
vt 1.035351 0.000007
vt 1.033693 0.000006
vt 1.003978 -0.000343
vt 1.003976 -0.000544
vt 1.003979 -0.000156
vt 1.001680 0.999987
vt 1.000942 0.999993
vt 1.183453 0.811055
vt 1.183228 0.810533
vt 1.183453 0.810533
vt 1.183453 0.811707
vt 1.183228 0.811055
vt -0.003667 -0.000544
vt -0.003668 -0.000342
vt -0.003666 -0.000731
vt 0.999999 -0.001104
vt 1.000636 -0.000439
vt 0.999999 -0.000439
vt 1.000636 -0.001104
vt -0.034302 0.999983
vt -0.035039 0.999989
vt -0.033382 0.999988
vt -0.001369 0.000013
vt -0.000632 0.000008
vt 1.032479 -0.000731
vt 1.032476 -0.000342
vt 1.032475 -0.000155
vt 1.033693 0.999992
vt 1.032475 1.000197
vt 1.032474 1.000000
vt 1.032476 1.000585
vt 1.032477 1.000773
vt 1.183452 0.012116
vt 1.183228 0.011252
vt 1.183452 0.011252
vt -0.003668 1.000590
vt -0.032163 1.000193
vt -0.033383 0.000009
vt -0.032165 -0.000151
vt -0.032164 0.000001
vt -0.032168 -0.000540
vt -0.032169 -0.000727
vt 1.882275 0.811707
vt 1.882720 0.812571
vt 1.882275 0.812571
vt 1.003975 -0.000731
vt 1.003980 1.000198
vt 0.000005 1.028940
vt -0.000322 1.003224
vt -0.003668 1.000778
vt -0.003669 1.000200
vt -0.003669 -0.000155
vt 0.999999 -0.028894
vt 1.000636 -0.003181
vt -0.000322 -0.001934
vt 0.000000 -0.003180
vt 0.000000 -0.001934
vt -0.000322 -0.001103
vt 0.000000 -0.001103
vt 1.000000 0.999999
vt 0.000001 1.000200
vt 0.000001 1.000000
vt 1.000000 1.001148
vt 1.000000 1.001978
vt 1.000000 1.003224
vt 1.882275 0.011251
vt 1.183228 0.012768
vt 1.183452 0.012768
vt 1.882275 0.810188
vt 1.183453 0.810310
vt 1.183453 0.810188
vt 1.882275 0.811055
vt 1.183228 0.812572
vt 1.183453 0.812572
vt -0.000322 -0.003180
vt 0.000000 -0.028893
vt 0.999999 -0.000154
vt 1.000637 0.999999
vt 1.000000 1.000199
vt 1.000637 1.001148
vt 1.000637 1.001978
vt 1.000637 1.003223
vt 1.000000 1.028939
vt 1.882720 0.011251
vt 1.882275 0.013513
vt 1.882720 0.810188
vt 1.882275 0.810309
vt 1.882720 0.811055
vt 1.882720 0.013670
vt 1.882275 0.013670
vt 1.183228 0.013671
vt -0.035354 0.999995
vt -0.034303 0.000015
vt -0.032162 0.999996
vt -0.003669 1.000002
vt -0.002289 0.999993
vt -0.001369 0.999988
vt -0.000317 1.000000
vt -0.000321 1.000000
vt 0.999999 0.000000
vt 1.000628 0.999999
vt 1.001679 0.000012
vt 1.002599 0.000006
vt 1.003980 -0.000003
vt 1.032474 -0.000002
vt 1.034613 0.999987
vt 1.035665 0.999999
vt 1.035665 -0.000000
vt 1.000627 0.000000
vt 1.000636 0.000000
vt -0.000317 0.000000
vt -0.035355 0.000003
vt 1.183228 0.810188
vt -0.000322 0.000000
vt -0.035331 1.000213
vt 1.000651 1.000217
vt 1.035646 -0.000170
vt -0.000337 -0.000170
vt 1.882720 0.012115
vt 1.183228 0.811707
vt 1.183228 0.012116
vt 1.882720 0.811707
vt -0.000316 1.028941
vt 1.000636 -0.028894
vt -0.000321 1.000200
vt 1.183228 0.810310
vt -0.000322 -0.028893
vt 1.000636 -0.000154
vt 1.000636 1.028940
vt 1.882720 0.013513
s 1
g off
g painting_
usemtl 
f 1006/1058/1097 878/1059/1098 1005/1060/1099
s 2
f 1056/1061/1100 883/1062/1101 1055/1063/1102
s 3
f 1017/1064/1103 889/1065/1104 1018/1066/1105
s 4
f 1077/1067/1106 895/1068/1107 1076/1069/1108
s 5
f 1039/1070/1109 882/1071/1110 1011/1072/1111
s 6
f 1072/1073/1112 897/1074/1113 1001/1075/1114
s 7
f 951/1076/1115 950/1077/1115 949/1078/1115
s 8
f 954/1079/1116 953/1080/1116 952/1081/1116
s 9
f 957/1082/1117 956/1083/1117 955/1084/1117
s 10
f 960/1085/1118 959/1086/1118 958/1087/1118
s 11
f 963/1088/1119 962/1089/1119 961/1090/1119
s 12
f 875/1091/1120 876/1092/1120 964/1093/1120
s 13
f 872/1094/1121 873/1095/1121 874/1096/1121
s 14
f 869/1097/1122 870/1098/1122 871/1099/1122
s 4
f 991/1100/1123 879/1101/1124 901/1102/1125
s 5
f 1010/1103/1126 882/1071/1110 907/1104/1127
s 2
f 970/1105/1128 888/1106/1129 919/1107/1130
s 6
f 1023/1108/1131 885/1109/1132 913/1110/1133
s 5
f 1060/1111/1134 886/1112/1135 923/1113/1136
s 3
f 966/1114/1137 894/1115/1138 931/1116/1139
s 6
f 1069/1117/1140 891/1118/1141 925/1119/1142
s 5
f 1033/1120/1143 892/1121/1144 935/1122/1145
s 4
f 978/1123/1146 900/1124/1147 943/1125/1148
s 6
f 1000/1126/1149 897/1074/1113 937/1127/1150
s 5
f 1081/1128/1151 898/1129/1152 947/1130/1153
s 6
f 1048/1131/1154 877/1132/1155 905/1133/1156
s 15
f 949/1078/1157 902/1134/1158 901/1102/1159
s 16
f 903/1135/1160 951/1076/1161 904/1136/1162
s 17
f 951/1076/1163 906/1137/1164 905/1133/1165
s 4
f 879/1101/1124 949/1078/1166 901/1102/1125
s 1
f 878/1138/1098 950/1077/1167 903/1135/1168
s 6
f 905/1133/1156 904/1136/1169 951/1076/1170
s 18
f 952/1081/1171 908/1139/1172 907/1140/1173
s 15
f 909/1141/1174 954/1079/1175 910/1142/1176
s 19
f 911/1143/1177 952/1081/1178 912/1144/1179
s 5
f 907/1140/1127 912/1144/1180 952/1081/1181
s 1
f 881/1145/1182 953/1080/1183 909/1141/1184
s 4
f 880/1146/1185 954/1079/1186 911/1143/1187
s 16
f 955/1084/1188 914/1147/1189 913/1148/1190
s 20
f 915/1149/1191 957/1082/1192 916/1150/1193
s 21
f 917/1151/1194 955/1084/1195 918/1152/1196
s 6
f 913/1148/1133 918/1152/1197 955/1084/1198
s 1
f 884/1153/1199 956/1083/1200 915/1149/1201
s 2
f 883/1062/1101 957/1082/1202 917/1151/1203
s 20
f 958/1087/1204 920/1154/1205 919/1107/1205
s 18
f 921/1155/1206 960/1085/1207 922/1156/1208
s 22
f 960/1085/1209 924/1157/1210 923/1113/1211
s 2
f 888/1106/1129 958/1087/1212 919/1107/1130
s 1
f 887/1158/1213 959/1086/1214 921/1155/1215
s 5
f 923/1113/1136 922/1156/1216 960/1085/1217
s 21
f 961/1090/1218 926/1159/1219 925/1119/1220
s 23
f 962/1089/1221 928/1160/1222 927/1161/1223
s 24
f 929/1162/1224 961/1090/1225 930/1163/1226
s 6
f 925/1119/1142 930/1163/1227 961/1090/1228
s 2
f 890/1164/1229 962/1089/1230 927/1161/1231
s 3
f 889/1165/1104 963/1088/1232 929/1162/1233
s 23
f 964/1093/1234 932/1166/1235 931/1116/1236
s 22
f 933/1167/1237 875/1091/1238 934/1168/1239
s 25
f 875/1091/1240 936/1169/1241 935/1170/1242
s 3
f 894/1115/1138 964/1093/1243 931/1116/1139
s 2
f 893/1171/1244 876/1092/1245 933/1167/1246
s 5
f 935/1170/1145 934/1168/1247 875/1091/1248
s 24
f 874/1096/1249 938/1172/1250 937/1173/1251
s 26
f 939/1174/1252 872/1094/1253 940/1175/1254
s 17
f 941/1176/1255 874/1096/1256 942/1177/1257
s 6
f 937/1173/1150 942/1177/1258 874/1096/1259
s 3
f 896/1178/1260 873/1095/1261 939/1174/1262
s 4
f 895/1068/1107 872/1094/1263 941/1176/1264
s 26
f 871/1099/1265 944/1179/1266 943/1125/1267
s 25
f 945/1180/1268 869/1097/1269 946/1181/1270
s 19
f 869/1097/1271 948/1182/1272 947/1130/1273
s 4
f 900/1124/1147 871/1099/1274 943/1125/1148
s 3
f 899/1183/1275 870/1098/1276 945/1180/1277
s 5
f 947/1130/1153 946/1181/1278 869/1097/1279
s 15
f 974/1184/1280 910/1142/1176 975/1185/1281
s 1
f 973/1186/1282 909/1141/1184 974/1184/1283
s 18
f 1029/1187/1284 922/1188/1208 1030/1189/1284
s 1
f 1028/1190/1285 921/1191/1215 1029/1187/1286
s 20
f 987/1192/1287 916/1150/1193 986/1193/1287
s 1
f 988/1194/1288 915/1149/1201 987/1192/1289
s 16
f 1004/1195/1290 904/1196/1162 1003/1197/1290
s 1
f 1005/1060/1099 903/1198/1168 1004/1195/1291
s 22
f 1063/1199/1292 934/1168/1239 1062/1200/1292
s 2
f 1064/1201/1293 933/1167/1246 1063/1199/1294
s 23
f 983/1202/1295 928/1160/1222 982/1203/1295
s 2
f 984/1204/1296 927/1161/1231 983/1202/1297
s 21
f 1054/1205/1298 918/1152/1196 1053/1206/1298
s 2
f 1055/1063/1102 917/1151/1203 1054/1205/1299
s 25
f 1014/1207/1300 946/1208/1270 1013/1209/1301
s 3
f 1015/1210/1302 945/1211/1277 1014/1207/1303
s 26
f 995/1212/1304 940/1175/1254 994/1213/1304
s 3
f 996/1214/1305 939/1174/1262 995/1212/1306
s 24
f 1019/1215/1307 930/1216/1226 1020/1217/1307
s 3
f 1018/1066/1105 929/1218/1233 1019/1215/1308
s 19
f 1042/1219/1309 912/1144/1179 1041/1220/1309
s 4
f 1043/1221/1310 911/1143/1187 1042/1219/1311
s 17
f 1075/1222/1312 942/1177/1257 1074/1223/1313
s 4
f 1076/1069/1108 941/1176/1264 1075/1222/1314
s 3
f 982/1203/1315 965/1224/1316 966/1114/1137
s 23
f 931/1116/1236 967/1225/1317 966/1114/1317
s 2
f 932/1166/1318 968/1226/1296 967/1225/1297
f 1058/1227/1293 969/1228/1319 1057/1229/1100
f 986/1193/1128 969/1228/1319 970/1105/1128
s 20
f 919/1107/1205 971/1230/1320 970/1105/1320
s 1
f 920/1154/1321 972/1231/1322 971/1230/1323
f 1008/1232/1285 973/1233/1282 1007/1234/1097
f 990/1235/1283 973/1186/1282 974/1184/1283
s 15
f 991/1100/1280 974/1184/1280 975/1185/1281
s 4
f 910/1142/1324 976/1236/1325 975/1185/1326
f 1079/1237/1310 977/1238/1327 1078/1239/1106
f 994/1213/1146 977/1238/1327 978/1123/1146
s 26
f 943/1125/1267 979/1240/1304 978/1123/1328
s 3
f 944/1179/1329 980/1241/1305 979/1240/1306
f 1035/1242/1302 965/1243/1316 1036/1244/1103
f 928/1160/1330 981/1245/1316 982/1203/1315
s 23
f 966/1114/1317 983/1202/1295 982/1203/1295
s 2
f 967/1225/1297 984/1204/1296 983/1202/1297
f 1057/1229/1100 985/1246/1319 1056/1061/1100
f 916/1150/1331 985/1246/1319 986/1193/1128
s 20
f 970/1105/1320 987/1192/1287 986/1193/1287
s 1
f 971/1230/1323 988/1194/1288 987/1192/1289
f 1007/1247/1097 989/1248/1282 1006/1058/1097
f 902/1134/1332 989/1249/1282 990/1235/1283
s 15
f 901/1102/1159 990/1235/1280 991/1100/1280
s 4
f 975/1185/1326 992/1250/1333 991/1100/1123
f 1078/1239/1106 993/1251/1334 1077/1067/1106
f 940/1175/1335 993/1251/1334 994/1213/1146
s 26
f 978/1123/1328 995/1212/1304 994/1213/1304
s 3
f 979/1240/1306 996/1214/1305 995/1212/1306
f 1036/1252/1103 981/1253/1316 1017/1064/1103
f 896/1254/1260 997/1255/1103 998/1256/1105
f 938/1257/1336 998/1256/1105 999/1258/1337
s 24
f 937/1127/1251 999/1258/1338 1000/1126/1339
s 6
f 1020/1217/1340 1001/1075/1114 1000/1126/1149
f 1051/1259/1112 1002/1260/1341 1050/1261/1112
f 904/1196/1169 1002/1260/1341 1003/1197/1342
s 16
f 1023/1108/1290 1004/1195/1290 1003/1197/1290
s 1
f 1024/1262/1291 1005/1060/1099 1004/1195/1291
f 1025/1263/1099 1006/1058/1097 1005/1060/1099
f 1026/1264/1097 1007/1247/1097 1006/1058/1097
f 1027/1265/1097 1008/1232/1285 1007/1234/1097
f 908/1266/1343 1008/1232/1285 1009/1267/1344
s 18
f 907/1104/1173 1009/1267/1284 1010/1103/1284
s 5
f 1030/1189/1345 1011/1072/1111 1010/1103/1126
f 1084/1268/1109 1012/1269/1346 1083/1270/1109
f 946/1208/1278 1012/1269/1346 1013/1209/1347
s 25
f 1033/1120/1301 1014/1207/1300 1013/1209/1301
s 3
f 1034/1271/1303 1015/1210/1302 1014/1207/1303
f 980/1272/1305 1015/1210/1302 1016/1273/1103
f 996/1274/1305 1016/1275/1103 997/1255/1103
f 998/1256/1105 1017/1064/1103 1018/1066/1105
f 999/1258/1337 1018/1066/1105 1019/1215/1308
s 24
f 1000/1126/1339 1019/1215/1307 1020/1217/1307
s 6
f 930/1216/1227 1021/1276/1114 1020/1217/1340
f 1052/1277/1348 1022/1278/1341 1051/1259/1112
f 1003/1197/1342 1022/1278/1341 1023/1108/1131
s 16
f 913/1110/1190 1024/1262/1290 1023/1108/1290
s 1
f 914/1279/1349 1025/1263/1099 1024/1262/1291
f 884/1280/1199 1026/1264/1097 1025/1263/1099
f 988/1281/1288 1027/1282/1097 1026/1264/1097
f 972/1283/1322 1028/1190/1285 1027/1265/1097
f 1009/1267/1344 1028/1190/1285 1029/1187/1286
s 18
f 1010/1103/1284 1029/1187/1284 1030/1189/1284
s 5
f 922/1188/1216 1031/1284/1111 1030/1189/1345
f 1061/1285/1350 1032/1286/1351 1084/1268/1109
f 1013/1209/1347 1032/1286/1351 1033/1120/1143
s 25
f 935/1122/1242 1034/1271/1301 1033/1120/1301
s 3
f 936/1287/1352 1035/1242/1302 1034/1271/1303
f 1016/1273/1103 1035/1242/1302 1036/1244/1103
f 997/1255/1103 1036/1252/1103 1017/1064/1103
s 5
f 1031/1284/1111 1037/1288/1350 1038/1289/1109
f 1011/1072/1111 1038/1289/1109 1039/1070/1109
f 1083/1270/1109 1040/1290/1353 1039/1070/1109
f 912/1144/1180 1040/1291/1353 1041/1220/1151
s 19
f 1081/1128/1309 1042/1219/1309 1041/1220/1309
s 4
f 1080/1292/1354 1043/1221/1310 1042/1219/1311
f 976/1236/1325 1043/1221/1310 1044/1293/1106
f 992/1250/1333 1044/1293/1106 1045/1294/1106
f 879/1101/1124 1045/1294/1106 1046/1295/1108
f 906/1137/1355 1046/1295/1108 1047/1296/1314
s 17
f 905/1133/1165 1047/1296/1313 1048/1131/1313
s 6
f 1074/1223/1356 1049/1297/1357 1048/1131/1154
f 1002/1260/1341 1049/1298/1357 1050/1261/1112
f 1072/1073/1112 1051/1259/1112 1050/1261/1112
f 1071/1299/1112 1052/1300/1348 1051/1259/1112
f 918/1152/1197 1052/1300/1348 1053/1206/1140
s 21
f 1069/1117/1298 1054/1205/1298 1053/1206/1298
s 2
f 1068/1301/1299 1055/1063/1102 1054/1205/1299
f 1067/1302/1102 1056/1061/1100 1055/1063/1102
f 1066/1303/1100 1057/1229/1100 1056/1061/1100
f 1065/1304/1100 1058/1227/1293 1057/1229/1100
f 924/1157/1358 1058/1227/1293 1059/1305/1359
s 22
f 923/1113/1211 1059/1305/1360 1060/1111/1360
s 5
f 1062/1200/1361 1037/1306/1350 1060/1111/1134
f 934/1168/1247 1061/1307/1350 1062/1200/1361
s 22
f 1060/1111/1360 1063/1199/1292 1062/1200/1292
s 2
f 1059/1305/1359 1064/1201/1293 1063/1199/1294
f 968/1226/1296 1064/1201/1293 1065/1304/1100
f 984/1204/1296 1065/1304/1100 1066/1303/1100
f 890/1164/1229 1066/1303/1100 1067/1302/1102
f 926/1159/1362 1067/1302/1102 1068/1301/1299
s 21
f 925/1119/1220 1068/1301/1363 1069/1117/1298
s 6
f 1053/1206/1140 1070/1308/1348 1069/1117/1140
f 1021/1276/1114 1070/1309/1348 1071/1299/1112
f 1001/1075/1114 1071/1299/1112 1072/1073/1112
f 1050/1261/1112 1073/1310/1357 1072/1073/1112
f 942/1177/1258 1073/1310/1357 1074/1223/1356
s 17
f 1048/1131/1313 1075/1222/1312 1074/1223/1313
s 4
f 1047/1296/1314 1076/1069/1108 1075/1222/1314
f 1046/1295/1108 1077/1067/1106 1076/1069/1108
f 1045/1294/1106 1078/1239/1106 1077/1067/1106
f 1044/1293/1106 1079/1237/1310 1078/1239/1106
f 948/1182/1364 1079/1237/1310 1080/1292/1354
s 19
f 947/1130/1273 1080/1292/1365 1081/1128/1309
s 5
f 1041/1220/1151 1082/1311/1353 1081/1128/1151
f 1012/1269/1346 1082/1312/1353 1083/1270/1109
f 1039/1070/1109 1084/1268/1109 1083/1270/1109
f 1038/1289/1109 1061/1285/1350 1084/1268/1109
s 1
f 1006/1058/1097 989/1248/1282 878/1059/1098
s 2
f 1056/1061/1100 985/1246/1319 883/1062/1101
s 3
f 1017/1064/1103 981/1253/1316 889/1065/1104
s 4
f 1077/1067/1106 993/1251/1334 895/1068/1107
s 5
f 1039/1070/1109 1040/1290/1353 882/1071/1110
s 6
f 1072/1073/1112 1073/1313/1357 897/1074/1113
s 4
f 991/1100/1123 992/1250/1333 879/1101/1124
s 5
f 1010/1103/1126 1011/1072/1111 882/1071/1110
s 2
f 970/1105/1128 969/1228/1319 888/1106/1129
s 6
f 1023/1108/1131 1022/1278/1341 885/1109/1132
s 5
f 1060/1111/1134 1037/1306/1350 886/1112/1135
s 3
f 966/1114/1137 965/1224/1316 894/1115/1138
s 6
f 1069/1117/1140 1070/1308/1348 891/1118/1141
s 5
f 1033/1120/1143 1032/1286/1351 892/1121/1144
s 4
f 978/1123/1146 977/1238/1327 900/1124/1147
s 6
f 1000/1126/1149 1001/1075/1114 897/1074/1113
s 5
f 1081/1128/1151 1082/1311/1353 898/1129/1152
s 6
f 1048/1131/1154 1049/1297/1357 877/1132/1155
s 15
f 949/1078/1157 950/1077/1366 902/1134/1158
s 16
f 903/1135/1160 950/1077/1367 951/1076/1161
s 17
f 951/1076/1163 949/1078/1368 906/1137/1164
s 4
f 879/1101/1124 906/1137/1355 949/1078/1166
s 1
f 878/1138/1098 902/1134/1332 950/1077/1167
s 6
f 905/1133/1156 877/1132/1155 904/1136/1169
s 18
f 952/1081/1171 953/1080/1369 908/1139/1172
s 15
f 909/1141/1174 953/1080/1370 954/1079/1175
s 19
f 911/1143/1177 954/1079/1371 952/1081/1178
s 5
f 907/1140/1127 882/1314/1110 912/1144/1180
s 1
f 881/1145/1182 908/1139/1343 953/1080/1183
s 4
f 880/1146/1185 910/1142/1324 954/1079/1186
s 16
f 955/1084/1188 956/1083/1372 914/1147/1189
s 20
f 915/1149/1191 956/1083/1373 957/1082/1192
s 21
f 917/1151/1194 957/1082/1374 955/1084/1195
s 6
f 913/1148/1133 885/1315/1132 918/1152/1197
s 1
f 884/1153/1199 914/1147/1349 956/1083/1200
s 2
f 883/1062/1101 916/1150/1331 957/1082/1202
s 20
f 958/1087/1204 959/1086/1375 920/1154/1205
s 18
f 921/1155/1206 959/1086/1376 960/1085/1207
s 22
f 960/1085/1209 958/1087/1377 924/1157/1210
s 2
f 888/1106/1129 924/1157/1358 958/1087/1212
s 1
f 887/1158/1213 920/1154/1321 959/1086/1214
s 5
f 923/1113/1136 886/1112/1135 922/1156/1216
s 21
f 961/1090/1218 962/1089/1378 926/1159/1219
s 23
f 962/1089/1221 963/1088/1221 928/1160/1222
s 24
f 929/1162/1224 963/1088/1379 961/1090/1225
s 6
f 925/1119/1142 891/1118/1141 930/1163/1227
s 2
f 890/1164/1229 926/1159/1362 962/1089/1230
s 3
f 889/1165/1104 928/1160/1330 963/1088/1232
s 23
f 964/1093/1234 876/1092/1380 932/1166/1235
s 22
f 933/1167/1237 876/1092/1381 875/1091/1238
s 25
f 875/1091/1240 964/1093/1382 936/1169/1241
s 3
f 894/1115/1138 936/1169/1352 964/1093/1243
s 2
f 893/1171/1244 932/1166/1318 876/1092/1245
s 5
f 935/1170/1145 892/1316/1144 934/1168/1247
s 24
f 874/1096/1249 873/1095/1383 938/1172/1250
s 26
f 939/1174/1252 873/1095/1384 872/1094/1253
s 17
f 941/1176/1255 872/1094/1385 874/1096/1256
s 6
f 937/1173/1150 897/1317/1113 942/1177/1258
s 3
f 896/1178/1260 938/1172/1336 873/1095/1261
s 4
f 895/1068/1107 940/1175/1335 872/1094/1263
s 26
f 871/1099/1265 870/1098/1386 944/1179/1266
s 25
f 945/1180/1268 870/1098/1387 869/1097/1269
s 19
f 869/1097/1271 871/1099/1388 948/1182/1272
s 4
f 900/1124/1147 948/1182/1364 871/1099/1274
s 3
f 899/1183/1275 944/1179/1329 870/1098/1276
s 5
f 947/1130/1153 898/1129/1152 946/1181/1278
s 15
f 974/1184/1280 909/1141/1174 910/1142/1176
s 1
f 973/1186/1282 881/1145/1182 909/1141/1184
s 18
f 1029/1187/1284 921/1191/1206 922/1188/1208
s 1
f 1028/1190/1285 887/1318/1213 921/1191/1215
s 20
f 987/1192/1287 915/1149/1191 916/1150/1193
s 1
f 988/1194/1288 884/1153/1199 915/1149/1201
s 16
f 1004/1195/1290 903/1198/1160 904/1196/1162
s 1
f 1005/1060/1099 878/1059/1098 903/1198/1168
s 22
f 1063/1199/1292 933/1167/1237 934/1168/1239
s 2
f 1064/1201/1293 893/1171/1244 933/1167/1246
s 23
f 983/1202/1295 927/1161/1223 928/1160/1222
s 2
f 984/1204/1296 890/1164/1229 927/1161/1231
s 21
f 1054/1205/1298 917/1151/1194 918/1152/1196
s 2
f 1055/1063/1102 883/1062/1101 917/1151/1203
s 25
f 1014/1207/1300 945/1211/1268 946/1208/1270
s 3
f 1015/1210/1302 899/1319/1275 945/1211/1277
s 26
f 995/1212/1304 939/1174/1252 940/1175/1254
s 3
f 996/1214/1305 896/1178/1260 939/1174/1262
s 24
f 1019/1215/1307 929/1218/1224 930/1216/1226
s 3
f 1018/1066/1105 889/1065/1104 929/1218/1233
s 19
f 1042/1219/1309 911/1143/1177 912/1144/1179
s 4
f 1043/1221/1310 880/1146/1185 911/1143/1187
s 17
f 1075/1222/1312 941/1176/1255 942/1177/1257
s 4
f 1076/1069/1108 895/1068/1107 941/1176/1264
s 3
f 982/1203/1315 981/1245/1316 965/1224/1316
s 23
f 931/1116/1236 932/1166/1235 967/1225/1317
s 2
f 932/1166/1318 893/1171/1244 968/1226/1296
f 1058/1227/1293 888/1106/1129 969/1228/1319
f 986/1193/1128 985/1246/1319 969/1228/1319
s 20
f 919/1107/1205 920/1154/1205 971/1230/1320
s 1
f 920/1154/1321 887/1158/1213 972/1231/1322
f 1008/1232/1285 881/1320/1182 973/1233/1282
f 990/1235/1283 989/1249/1282 973/1186/1282
s 15
f 991/1100/1280 990/1235/1280 974/1184/1280
s 4
f 910/1142/1324 880/1146/1185 976/1236/1325
f 1079/1237/1310 900/1124/1147 977/1238/1327
f 994/1213/1146 993/1251/1334 977/1238/1327
s 26
f 943/1125/1267 944/1179/1266 979/1240/1304
s 3
f 944/1179/1329 899/1183/1275 980/1241/1305
f 1035/1242/1302 894/1321/1138 965/1243/1316
f 928/1160/1330 889/1165/1104 981/1245/1316
s 23
f 966/1114/1317 967/1225/1317 983/1202/1295
s 2
f 967/1225/1297 968/1226/1296 984/1204/1296
f 1057/1229/1100 969/1228/1319 985/1246/1319
f 916/1150/1331 883/1062/1101 985/1246/1319
s 20
f 970/1105/1320 971/1230/1320 987/1192/1287
s 1
f 971/1230/1323 972/1231/1322 988/1194/1288
f 1007/1247/1097 973/1322/1282 989/1248/1282
f 902/1134/1332 878/1138/1098 989/1249/1282
s 15
f 901/1102/1159 902/1134/1158 990/1235/1280
s 4
f 975/1185/1326 976/1236/1325 992/1250/1333
f 1078/1239/1106 977/1238/1327 993/1251/1334
f 940/1175/1335 895/1068/1107 993/1251/1334
s 26
f 978/1123/1328 979/1240/1304 995/1212/1304
s 3
f 979/1240/1306 980/1241/1305 996/1214/1305
f 1036/1252/1103 965/1323/1316 981/1253/1316
f 896/1254/1260 996/1274/1305 997/1255/1103
f 938/1257/1336 896/1254/1260 998/1256/1105
s 24
f 937/1127/1251 938/1257/1250 999/1258/1338
s 6
f 1020/1217/1340 1021/1276/1114 1001/1075/1114
f 1051/1259/1112 1022/1278/1341 1002/1260/1341
f 904/1196/1169 877/1324/1155 1002/1260/1341
s 16
f 1023/1108/1290 1024/1262/1290 1004/1195/1290
s 1
f 1024/1262/1291 1025/1263/1099 1005/1060/1099
f 1025/1263/1099 1026/1264/1097 1006/1058/1097
f 1026/1264/1097 1027/1282/1097 1007/1247/1097
f 1027/1265/1097 1028/1190/1285 1008/1232/1285
f 908/1266/1343 881/1320/1182 1008/1232/1285
s 18
f 907/1104/1173 908/1266/1172 1009/1267/1284
s 5
f 1030/1189/1345 1031/1284/1111 1011/1072/1111
f 1084/1268/1109 1032/1286/1351 1012/1269/1346
f 946/1208/1278 898/1325/1152 1012/1269/1346
s 25
f 1033/1120/1301 1034/1271/1301 1014/1207/1300
s 3
f 1034/1271/1303 1035/1242/1302 1015/1210/1302
f 980/1272/1305 899/1319/1275 1015/1210/1302
f 996/1274/1305 980/1326/1305 1016/1275/1103
f 998/1256/1105 997/1255/1103 1017/1064/1103
f 999/1258/1337 998/1256/1105 1018/1066/1105
s 24
f 1000/1126/1339 999/1258/1338 1019/1215/1307
s 6
f 930/1216/1227 891/1327/1141 1021/1276/1114
f 1052/1277/1348 885/1109/1132 1022/1278/1341
f 1003/1197/1342 1002/1260/1341 1022/1278/1341
s 16
f 913/1110/1190 914/1279/1189 1024/1262/1290
s 1
f 914/1279/1349 884/1280/1199 1025/1263/1099
f 884/1280/1199 988/1281/1288 1026/1264/1097
f 988/1281/1288 972/1328/1322 1027/1282/1097
f 972/1283/1322 887/1318/1213 1028/1190/1285
f 1009/1267/1344 1008/1232/1285 1028/1190/1285
s 18
f 1010/1103/1284 1009/1267/1284 1029/1187/1284
s 5
f 922/1188/1216 886/1329/1135 1031/1284/1111
f 1061/1285/1350 892/1121/1144 1032/1286/1351
f 1013/1209/1347 1012/1269/1346 1032/1286/1351
s 25
f 935/1122/1242 936/1287/1241 1034/1271/1301
s 3
f 936/1287/1352 894/1321/1138 1035/1242/1302
f 1016/1273/1103 1015/1210/1302 1035/1242/1302
f 997/1255/1103 1016/1275/1103 1036/1252/1103
s 5
f 1031/1284/1111 886/1329/1135 1037/1288/1350
f 1011/1072/1111 1031/1284/1111 1038/1289/1109
f 1083/1270/1109 1082/1312/1353 1040/1290/1353
f 912/1144/1180 882/1314/1110 1040/1291/1353
s 19
f 1081/1128/1309 1080/1292/1365 1042/1219/1309
s 4
f 1080/1292/1354 1079/1237/1310 1043/1221/1310
f 976/1236/1325 880/1146/1185 1043/1221/1310
f 992/1250/1333 976/1236/1325 1044/1293/1106
f 879/1101/1124 992/1250/1333 1045/1294/1106
f 906/1137/1355 879/1101/1124 1046/1295/1108
s 17
f 905/1133/1165 906/1137/1164 1047/1296/1313
s 6
f 1074/1223/1356 1073/1310/1357 1049/1297/1357
f 1002/1260/1341 877/1324/1155 1049/1298/1357
f 1072/1073/1112 1071/1299/1112 1051/1259/1112
f 1071/1299/1112 1070/1308/1348 1052/1300/1348
f 918/1152/1197 885/1315/1132 1052/1300/1348
s 21
f 1069/1117/1298 1068/1301/1363 1054/1205/1298
s 2
f 1068/1301/1299 1067/1302/1102 1055/1063/1102
f 1067/1302/1102 1066/1303/1100 1056/1061/1100
f 1066/1303/1100 1065/1304/1100 1057/1229/1100
f 1065/1304/1100 1064/1201/1293 1058/1227/1293
f 924/1157/1358 888/1106/1129 1058/1227/1293
s 22
f 923/1113/1211 924/1157/1210 1059/1305/1360
s 5
f 1062/1200/1361 1061/1307/1350 1037/1306/1350
f 934/1168/1247 892/1316/1144 1061/1307/1350
s 22
f 1060/1111/1360 1059/1305/1360 1063/1199/1292
s 2
f 1059/1305/1359 1058/1227/1293 1064/1201/1293
f 968/1226/1296 893/1171/1244 1064/1201/1293
f 984/1204/1296 968/1226/1296 1065/1304/1100
f 890/1164/1229 984/1204/1296 1066/1303/1100
f 926/1159/1362 890/1164/1229 1067/1302/1102
s 21
f 925/1119/1220 926/1159/1219 1068/1301/1363
s 6
f 1053/1206/1140 1052/1300/1348 1070/1308/1348
f 1021/1276/1114 891/1327/1141 1070/1309/1348
f 1001/1075/1114 1021/1276/1114 1071/1299/1112
f 1050/1261/1112 1049/1297/1357 1073/1310/1357
f 942/1177/1258 897/1317/1113 1073/1310/1357
s 17
f 1048/1131/1313 1047/1296/1313 1075/1222/1312
s 4
f 1047/1296/1314 1046/1295/1108 1076/1069/1108
f 1046/1295/1108 1045/1294/1106 1077/1067/1106
f 1045/1294/1106 1044/1293/1106 1078/1239/1106
f 1044/1293/1106 1043/1221/1310 1079/1237/1310
f 948/1182/1364 900/1124/1147 1079/1237/1310
s 19
f 947/1130/1273 948/1182/1272 1080/1292/1365
s 5
f 1041/1220/1151 1040/1291/1353 1082/1311/1353
f 1012/1269/1346 898/1325/1152 1082/1312/1353
f 1039/1070/1109 1038/1289/1109 1084/1268/1109
f 1038/1289/1109 1037/1288/1350 1061/1285/1350
